[0.189s] [34mcolcon[0m [1;30mDEBUG[0m [32mCommand line arguments: ['/usr/bin/colcon', 'build', '--packages-select', 'obstacles_information_msgs', 'colcon', 'build', '--packages-select', 'pointcloud_clustering'][0m
[0.190s] [34mcolcon[0m [1;30mDEBUG[0m [32mParsed command line arguments: Namespace(log_base=None, log_level=None, verb_name='build', build_base='build', install_base='install', merge_install=False, symlink_install=False, test_result_base=None, continue_on_error=False, executor='parallel', parallel_workers=8, event_handlers=None, ignore_user_meta=False, metas=['./colcon.meta'], base_paths=['.'], packages_ignore=None, packages_ignore_regex=None, paths=None, packages_up_to=None, packages_up_to_regex=None, packages_above=None, packages_above_and_dependencies=None, packages_above_depth=None, packages_select_by_dep=None, packages_skip_by_dep=None, packages_skip_up_to=None, packages_select_build_failed=False, packages_skip_build_finished=False, packages_select_test_failures=False, packages_skip_test_passed=False, packages_select=['pointcloud_clustering'], packages_skip=None, packages_select_regex=None, packages_skip_regex=None, packages_start=None, packages_end=None, allow_overriding=[], cmake_args=None, cmake_target=None, cmake_target_skip_unavailable=False, cmake_clean_cache=False, cmake_clean_first=False, cmake_force_configure=False, ament_cmake_args=None, catkin_cmake_args=None, catkin_skip_building_tests=False, mixin_files=None, mixin=None, verb_parser=<colcon_mixin.mixin.mixin_argument.MixinArgumentDecorator object at 0x70bfd55b7190>, verb_extension=<colcon_core.verb.build.BuildVerb object at 0x70bfd55b6c50>, main=<bound method BuildVerb.main of <colcon_core.verb.build.BuildVerb object at 0x70bfd55b6c50>>, mixin_verb=('build',))[0m
[0.220s] [34mcolcon.colcon_core.package_discovery[0m [1;30mLevel 1[0m discover_packages(colcon_meta) check parameters
[0.220s] [34mcolcon.colcon_core.package_discovery[0m [1;30mLevel 1[0m discover_packages(recursive) check parameters
[0.220s] [34mcolcon.colcon_core.package_discovery[0m [1;30mLevel 1[0m discover_packages(ignore) check parameters
[0.220s] [34mcolcon.colcon_core.package_discovery[0m [1;30mLevel 1[0m discover_packages(path) check parameters
[0.220s] [34mcolcon.colcon_core.package_discovery[0m [1;30mLevel 1[0m discover_packages(colcon_meta) discover
[0.220s] [34mcolcon.colcon_core.package_discovery[0m [1;30mLevel 1[0m discover_packages(recursive) discover
[0.220s] [34mcolcon.colcon_core.package_discovery[0m [1;30mINFO[0m Crawling recursively for packages in '/home/snorlix/navpilot-framework'
[0.220s] [34mcolcon.colcon_core.package_identification[0m [1;30mLevel 1[0m _identify(.) by extensions ['ignore', 'ignore_ament_install']
[0.220s] [34mcolcon.colcon_core.package_identification[0m [1;30mLevel 1[0m _identify(.) by extension 'ignore'
[0.220s] [34mcolcon.colcon_core.package_identification[0m [1;30mLevel 1[0m _identify(.) by extension 'ignore_ament_install'
[0.220s] [34mcolcon.colcon_core.package_identification[0m [1;30mLevel 1[0m _identify(.) by extensions ['colcon_pkg']
[0.220s] [34mcolcon.colcon_core.package_identification[0m [1;30mLevel 1[0m _identify(.) by extension 'colcon_pkg'
[0.220s] [34mcolcon.colcon_core.package_identification[0m [1;30mLevel 1[0m _identify(.) by extensions ['colcon_meta']
[0.220s] [34mcolcon.colcon_core.package_identification[0m [1;30mLevel 1[0m _identify(.) by extension 'colcon_meta'
[0.220s] [34mcolcon.colcon_core.package_identification[0m [1;30mLevel 1[0m _identify(.) by extensions ['ros']
[0.220s] [34mcolcon.colcon_core.package_identification[0m [1;30mLevel 1[0m _identify(.) by extension 'ros'
[0.231s] [34mcolcon.colcon_core.package_identification[0m [1;30mLevel 1[0m _identify(.) by extensions ['cmake', 'python']
[0.231s] [34mcolcon.colcon_core.package_identification[0m [1;30mLevel 1[0m _identify(.) by extension 'cmake'
[0.231s] [34mcolcon.colcon_core.package_identification[0m [1;30mLevel 1[0m _identify(.) by extension 'python'
[0.232s] [34mcolcon.colcon_core.package_identification[0m [1;30mLevel 1[0m _identify(.) by extensions ['python_setup_py']
[0.232s] [34mcolcon.colcon_core.package_identification[0m [1;30mLevel 1[0m _identify(.) by extension 'python_setup_py'
[0.232s] [34mcolcon.colcon_core.package_identification[0m [1;30mLevel 1[0m _identify(build) by extensions ['ignore', 'ignore_ament_install']
[0.232s] [34mcolcon.colcon_core.package_identification[0m [1;30mLevel 1[0m _identify(build) by extension 'ignore'
[0.232s] [34mcolcon.colcon_core.package_identification[0m [1;30mLevel 1[0m _identify(build) ignored
[0.232s] [34mcolcon.colcon_core.package_identification[0m [1;30mLevel 1[0m _identify(install) by extensions ['ignore', 'ignore_ament_install']
[0.232s] [34mcolcon.colcon_core.package_identification[0m [1;30mLevel 1[0m _identify(install) by extension 'ignore'
[0.232s] [34mcolcon.colcon_core.package_identification[0m [1;30mLevel 1[0m _identify(install) ignored
[0.232s] [34mcolcon.colcon_core.package_identification[0m [1;30mLevel 1[0m _identify(log) by extensions ['ignore', 'ignore_ament_install']
[0.232s] [34mcolcon.colcon_core.package_identification[0m [1;30mLevel 1[0m _identify(log) by extension 'ignore'
[0.232s] [34mcolcon.colcon_core.package_identification[0m [1;30mLevel 1[0m _identify(log) ignored
[0.232s] [34mcolcon.colcon_core.package_identification[0m [1;30mLevel 1[0m _identify(workspace) by extensions ['ignore', 'ignore_ament_install']
[0.232s] [34mcolcon.colcon_core.package_identification[0m [1;30mLevel 1[0m _identify(workspace) by extension 'ignore'
[0.232s] [34mcolcon.colcon_core.package_identification[0m [1;30mLevel 1[0m _identify(workspace) by extension 'ignore_ament_install'
[0.232s] [34mcolcon.colcon_core.package_identification[0m [1;30mLevel 1[0m _identify(workspace) by extensions ['colcon_pkg']
[0.232s] [34mcolcon.colcon_core.package_identification[0m [1;30mLevel 1[0m _identify(workspace) by extension 'colcon_pkg'
[0.232s] [34mcolcon.colcon_core.package_identification[0m [1;30mLevel 1[0m _identify(workspace) by extensions ['colcon_meta']
[0.232s] [34mcolcon.colcon_core.package_identification[0m [1;30mLevel 1[0m _identify(workspace) by extension 'colcon_meta'
[0.232s] [34mcolcon.colcon_core.package_identification[0m [1;30mLevel 1[0m _identify(workspace) by extensions ['ros']
[0.233s] [34mcolcon.colcon_core.package_identification[0m [1;30mLevel 1[0m _identify(workspace) by extension 'ros'
[0.233s] [34mcolcon.colcon_core.package_identification[0m [1;30mLevel 1[0m _identify(workspace) by extensions ['cmake', 'python']
[0.233s] [34mcolcon.colcon_core.package_identification[0m [1;30mLevel 1[0m _identify(workspace) by extension 'cmake'
[0.233s] [34mcolcon.colcon_core.package_identification[0m [1;30mLevel 1[0m _identify(workspace) by extension 'python'
[0.233s] [34mcolcon.colcon_core.package_identification[0m [1;30mLevel 1[0m _identify(workspace) by extensions ['python_setup_py']
[0.233s] [34mcolcon.colcon_core.package_identification[0m [1;30mLevel 1[0m _identify(workspace) by extension 'python_setup_py'
[0.233s] [34mcolcon.colcon_core.package_identification[0m [1;30mLevel 1[0m _identify(workspace/mapProcessing) by extensions ['ignore', 'ignore_ament_install']
[0.233s] [34mcolcon.colcon_core.package_identification[0m [1;30mLevel 1[0m _identify(workspace/mapProcessing) by extension 'ignore'
[0.233s] [34mcolcon.colcon_core.package_identification[0m [1;30mLevel 1[0m _identify(workspace/mapProcessing) by extension 'ignore_ament_install'
[0.233s] [34mcolcon.colcon_core.package_identification[0m [1;30mLevel 1[0m _identify(workspace/mapProcessing) by extensions ['colcon_pkg']
[0.233s] [34mcolcon.colcon_core.package_identification[0m [1;30mLevel 1[0m _identify(workspace/mapProcessing) by extension 'colcon_pkg'
[0.233s] [34mcolcon.colcon_core.package_identification[0m [1;30mLevel 1[0m _identify(workspace/mapProcessing) by extensions ['colcon_meta']
[0.233s] [34mcolcon.colcon_core.package_identification[0m [1;30mLevel 1[0m _identify(workspace/mapProcessing) by extension 'colcon_meta'
[0.233s] [34mcolcon.colcon_core.package_identification[0m [1;30mLevel 1[0m _identify(workspace/mapProcessing) by extensions ['ros']
[0.233s] [34mcolcon.colcon_core.package_identification[0m [1;30mLevel 1[0m _identify(workspace/mapProcessing) by extension 'ros'
[0.233s] [34mcolcon.colcon_core.package_identification[0m [1;30mLevel 1[0m _identify(workspace/mapProcessing) by extensions ['cmake', 'python']
[0.233s] [34mcolcon.colcon_core.package_identification[0m [1;30mLevel 1[0m _identify(workspace/mapProcessing) by extension 'cmake'
[0.233s] [34mcolcon.colcon_core.package_identification[0m [1;30mLevel 1[0m _identify(workspace/mapProcessing) by extension 'python'
[0.233s] [34mcolcon.colcon_core.package_identification[0m [1;30mLevel 1[0m _identify(workspace/mapProcessing) by extensions ['python_setup_py']
[0.233s] [34mcolcon.colcon_core.package_identification[0m [1;30mLevel 1[0m _identify(workspace/mapProcessing) by extension 'python_setup_py'
[0.233s] [34mcolcon.colcon_core.package_identification[0m [1;30mLevel 1[0m _identify(workspace/mapProcessing/models) by extensions ['ignore', 'ignore_ament_install']
[0.233s] [34mcolcon.colcon_core.package_identification[0m [1;30mLevel 1[0m _identify(workspace/mapProcessing/models) by extension 'ignore'
[0.233s] [34mcolcon.colcon_core.package_identification[0m [1;30mLevel 1[0m _identify(workspace/mapProcessing/models) by extension 'ignore_ament_install'
[0.233s] [34mcolcon.colcon_core.package_identification[0m [1;30mLevel 1[0m _identify(workspace/mapProcessing/models) by extensions ['colcon_pkg']
[0.234s] [34mcolcon.colcon_core.package_identification[0m [1;30mLevel 1[0m _identify(workspace/mapProcessing/models) by extension 'colcon_pkg'
[0.234s] [34mcolcon.colcon_core.package_identification[0m [1;30mLevel 1[0m _identify(workspace/mapProcessing/models) by extensions ['colcon_meta']
[0.234s] [34mcolcon.colcon_core.package_identification[0m [1;30mLevel 1[0m _identify(workspace/mapProcessing/models) by extension 'colcon_meta'
[0.234s] [34mcolcon.colcon_core.package_identification[0m [1;30mLevel 1[0m _identify(workspace/mapProcessing/models) by extensions ['ros']
[0.234s] [34mcolcon.colcon_core.package_identification[0m [1;30mLevel 1[0m _identify(workspace/mapProcessing/models) by extension 'ros'
[0.234s] [34mcolcon.colcon_core.package_identification[0m [1;30mLevel 1[0m _identify(workspace/mapProcessing/models) by extensions ['cmake', 'python']
[0.234s] [34mcolcon.colcon_core.package_identification[0m [1;30mLevel 1[0m _identify(workspace/mapProcessing/models) by extension 'cmake'
[0.234s] [34mcolcon.colcon_core.package_identification[0m [1;30mLevel 1[0m _identify(workspace/mapProcessing/models) by extension 'python'
[0.234s] [34mcolcon.colcon_core.package_identification[0m [1;30mLevel 1[0m _identify(workspace/mapProcessing/models) by extensions ['python_setup_py']
[0.234s] [34mcolcon.colcon_core.package_identification[0m [1;30mLevel 1[0m _identify(workspace/mapProcessing/models) by extension 'python_setup_py'
[0.234s] [34mcolcon.colcon_core.package_identification[0m [1;30mLevel 1[0m _identify(workspace/mapProcessing/models/buildings) by extensions ['ignore', 'ignore_ament_install']
[0.234s] [34mcolcon.colcon_core.package_identification[0m [1;30mLevel 1[0m _identify(workspace/mapProcessing/models/buildings) by extension 'ignore'
[0.234s] [34mcolcon.colcon_core.package_identification[0m [1;30mLevel 1[0m _identify(workspace/mapProcessing/models/buildings) by extension 'ignore_ament_install'
[0.234s] [34mcolcon.colcon_core.package_identification[0m [1;30mLevel 1[0m _identify(workspace/mapProcessing/models/buildings) by extensions ['colcon_pkg']
[0.234s] [34mcolcon.colcon_core.package_identification[0m [1;30mLevel 1[0m _identify(workspace/mapProcessing/models/buildings) by extension 'colcon_pkg'
[0.234s] [34mcolcon.colcon_core.package_identification[0m [1;30mLevel 1[0m _identify(workspace/mapProcessing/models/buildings) by extensions ['colcon_meta']
[0.234s] [34mcolcon.colcon_core.package_identification[0m [1;30mLevel 1[0m _identify(workspace/mapProcessing/models/buildings) by extension 'colcon_meta'
[0.234s] [34mcolcon.colcon_core.package_identification[0m [1;30mLevel 1[0m _identify(workspace/mapProcessing/models/buildings) by extensions ['ros']
[0.234s] [34mcolcon.colcon_core.package_identification[0m [1;30mLevel 1[0m _identify(workspace/mapProcessing/models/buildings) by extension 'ros'
[0.234s] [34mcolcon.colcon_core.package_identification[0m [1;30mLevel 1[0m _identify(workspace/mapProcessing/models/buildings) by extensions ['cmake', 'python']
[0.234s] [34mcolcon.colcon_core.package_identification[0m [1;30mLevel 1[0m _identify(workspace/mapProcessing/models/buildings) by extension 'cmake'
[0.234s] [34mcolcon.colcon_core.package_identification[0m [1;30mLevel 1[0m _identify(workspace/mapProcessing/models/buildings) by extension 'python'
[0.234s] [34mcolcon.colcon_core.package_identification[0m [1;30mLevel 1[0m _identify(workspace/mapProcessing/models/buildings) by extensions ['python_setup_py']
[0.234s] [34mcolcon.colcon_core.package_identification[0m [1;30mLevel 1[0m _identify(workspace/mapProcessing/models/buildings) by extension 'python_setup_py'
[0.234s] [34mcolcon.colcon_core.package_identification[0m [1;30mLevel 1[0m _identify(workspace/mapProcessing/models/stop) by extensions ['ignore', 'ignore_ament_install']
[0.235s] [34mcolcon.colcon_core.package_identification[0m [1;30mLevel 1[0m _identify(workspace/mapProcessing/models/stop) by extension 'ignore'
[0.235s] [34mcolcon.colcon_core.package_identification[0m [1;30mLevel 1[0m _identify(workspace/mapProcessing/models/stop) by extension 'ignore_ament_install'
[0.235s] [34mcolcon.colcon_core.package_identification[0m [1;30mLevel 1[0m _identify(workspace/mapProcessing/models/stop) by extensions ['colcon_pkg']
[0.235s] [34mcolcon.colcon_core.package_identification[0m [1;30mLevel 1[0m _identify(workspace/mapProcessing/models/stop) by extension 'colcon_pkg'
[0.235s] [34mcolcon.colcon_core.package_identification[0m [1;30mLevel 1[0m _identify(workspace/mapProcessing/models/stop) by extensions ['colcon_meta']
[0.235s] [34mcolcon.colcon_core.package_identification[0m [1;30mLevel 1[0m _identify(workspace/mapProcessing/models/stop) by extension 'colcon_meta'
[0.235s] [34mcolcon.colcon_core.package_identification[0m [1;30mLevel 1[0m _identify(workspace/mapProcessing/models/stop) by extensions ['ros']
[0.235s] [34mcolcon.colcon_core.package_identification[0m [1;30mLevel 1[0m _identify(workspace/mapProcessing/models/stop) by extension 'ros'
[0.235s] [34mcolcon.colcon_core.package_identification[0m [1;30mLevel 1[0m _identify(workspace/mapProcessing/models/stop) by extensions ['cmake', 'python']
[0.235s] [34mcolcon.colcon_core.package_identification[0m [1;30mLevel 1[0m _identify(workspace/mapProcessing/models/stop) by extension 'cmake'
[0.235s] [34mcolcon.colcon_core.package_identification[0m [1;30mLevel 1[0m _identify(workspace/mapProcessing/models/stop) by extension 'python'
[0.235s] [34mcolcon.colcon_core.package_identification[0m [1;30mLevel 1[0m _identify(workspace/mapProcessing/models/stop) by extensions ['python_setup_py']
[0.235s] [34mcolcon.colcon_core.package_identification[0m [1;30mLevel 1[0m _identify(workspace/mapProcessing/models/stop) by extension 'python_setup_py'
[0.235s] [34mcolcon.colcon_core.package_identification[0m [1;30mLevel 1[0m _identify(workspace/mapProcessing/models/trafficLights) by extensions ['ignore', 'ignore_ament_install']
[0.235s] [34mcolcon.colcon_core.package_identification[0m [1;30mLevel 1[0m _identify(workspace/mapProcessing/models/trafficLights) by extension 'ignore'
[0.235s] [34mcolcon.colcon_core.package_identification[0m [1;30mLevel 1[0m _identify(workspace/mapProcessing/models/trafficLights) by extension 'ignore_ament_install'
[0.235s] [34mcolcon.colcon_core.package_identification[0m [1;30mLevel 1[0m _identify(workspace/mapProcessing/models/trafficLights) by extensions ['colcon_pkg']
[0.235s] [34mcolcon.colcon_core.package_identification[0m [1;30mLevel 1[0m _identify(workspace/mapProcessing/models/trafficLights) by extension 'colcon_pkg'
[0.235s] [34mcolcon.colcon_core.package_identification[0m [1;30mLevel 1[0m _identify(workspace/mapProcessing/models/trafficLights) by extensions ['colcon_meta']
[0.235s] [34mcolcon.colcon_core.package_identification[0m [1;30mLevel 1[0m _identify(workspace/mapProcessing/models/trafficLights) by extension 'colcon_meta'
[0.235s] [34mcolcon.colcon_core.package_identification[0m [1;30mLevel 1[0m _identify(workspace/mapProcessing/models/trafficLights) by extensions ['ros']
[0.235s] [34mcolcon.colcon_core.package_identification[0m [1;30mLevel 1[0m _identify(workspace/mapProcessing/models/trafficLights) by extension 'ros'
[0.235s] [34mcolcon.colcon_core.package_identification[0m [1;30mLevel 1[0m _identify(workspace/mapProcessing/models/trafficLights) by extensions ['cmake', 'python']
[0.235s] [34mcolcon.colcon_core.package_identification[0m [1;30mLevel 1[0m _identify(workspace/mapProcessing/models/trafficLights) by extension 'cmake'
[0.236s] [34mcolcon.colcon_core.package_identification[0m [1;30mLevel 1[0m _identify(workspace/mapProcessing/models/trafficLights) by extension 'python'
[0.236s] [34mcolcon.colcon_core.package_identification[0m [1;30mLevel 1[0m _identify(workspace/mapProcessing/models/trafficLights) by extensions ['python_setup_py']
[0.236s] [34mcolcon.colcon_core.package_identification[0m [1;30mLevel 1[0m _identify(workspace/mapProcessing/models/trafficLights) by extension 'python_setup_py'
[0.236s] [34mcolcon.colcon_core.package_identification[0m [1;30mLevel 1[0m _identify(workspace/models) by extensions ['ignore', 'ignore_ament_install']
[0.236s] [34mcolcon.colcon_core.package_identification[0m [1;30mLevel 1[0m _identify(workspace/models) by extension 'ignore'
[0.236s] [34mcolcon.colcon_core.package_identification[0m [1;30mLevel 1[0m _identify(workspace/models) by extension 'ignore_ament_install'
[0.236s] [34mcolcon.colcon_core.package_identification[0m [1;30mLevel 1[0m _identify(workspace/models) by extensions ['colcon_pkg']
[0.236s] [34mcolcon.colcon_core.package_identification[0m [1;30mLevel 1[0m _identify(workspace/models) by extension 'colcon_pkg'
[0.236s] [34mcolcon.colcon_core.package_identification[0m [1;30mLevel 1[0m _identify(workspace/models) by extensions ['colcon_meta']
[0.236s] [34mcolcon.colcon_core.package_identification[0m [1;30mLevel 1[0m _identify(workspace/models) by extension 'colcon_meta'
[0.236s] [34mcolcon.colcon_core.package_identification[0m [1;30mLevel 1[0m _identify(workspace/models) by extensions ['ros']
[0.236s] [34mcolcon.colcon_core.package_identification[0m [1;30mLevel 1[0m _identify(workspace/models) by extension 'ros'
[0.236s] [34mcolcon.colcon_core.package_identification[0m [1;30mLevel 1[0m _identify(workspace/models) by extensions ['cmake', 'python']
[0.236s] [34mcolcon.colcon_core.package_identification[0m [1;30mLevel 1[0m _identify(workspace/models) by extension 'cmake'
[0.236s] [34mcolcon.colcon_core.package_identification[0m [1;30mLevel 1[0m _identify(workspace/models) by extension 'python'
[0.236s] [34mcolcon.colcon_core.package_identification[0m [1;30mLevel 1[0m _identify(workspace/models) by extensions ['python_setup_py']
[0.236s] [34mcolcon.colcon_core.package_identification[0m [1;30mLevel 1[0m _identify(workspace/models) by extension 'python_setup_py'
[0.236s] [34mcolcon.colcon_core.package_identification[0m [1;30mLevel 1[0m _identify(workspace/navpilot_ws) by extensions ['ignore', 'ignore_ament_install']
[0.236s] [34mcolcon.colcon_core.package_identification[0m [1;30mLevel 1[0m _identify(workspace/navpilot_ws) by extension 'ignore'
[0.236s] [34mcolcon.colcon_core.package_identification[0m [1;30mLevel 1[0m _identify(workspace/navpilot_ws) by extension 'ignore_ament_install'
[0.236s] [34mcolcon.colcon_core.package_identification[0m [1;30mLevel 1[0m _identify(workspace/navpilot_ws) by extensions ['colcon_pkg']
[0.236s] [34mcolcon.colcon_core.package_identification[0m [1;30mLevel 1[0m _identify(workspace/navpilot_ws) by extension 'colcon_pkg'
[0.236s] [34mcolcon.colcon_core.package_identification[0m [1;30mLevel 1[0m _identify(workspace/navpilot_ws) by extensions ['colcon_meta']
[0.236s] [34mcolcon.colcon_core.package_identification[0m [1;30mLevel 1[0m _identify(workspace/navpilot_ws) by extension 'colcon_meta'
[0.236s] [34mcolcon.colcon_core.package_identification[0m [1;30mLevel 1[0m _identify(workspace/navpilot_ws) by extensions ['ros']
[0.237s] [34mcolcon.colcon_core.package_identification[0m [1;30mLevel 1[0m _identify(workspace/navpilot_ws) by extension 'ros'
[0.237s] [34mcolcon.colcon_core.package_identification[0m [1;30mLevel 1[0m _identify(workspace/navpilot_ws) by extensions ['cmake', 'python']
[0.237s] [34mcolcon.colcon_core.package_identification[0m [1;30mLevel 1[0m _identify(workspace/navpilot_ws) by extension 'cmake'
[0.237s] [34mcolcon.colcon_core.package_identification[0m [1;30mLevel 1[0m _identify(workspace/navpilot_ws) by extension 'python'
[0.237s] [34mcolcon.colcon_core.package_identification[0m [1;30mLevel 1[0m _identify(workspace/navpilot_ws) by extensions ['python_setup_py']
[0.237s] [34mcolcon.colcon_core.package_identification[0m [1;30mLevel 1[0m _identify(workspace/navpilot_ws) by extension 'python_setup_py'
[0.237s] [34mcolcon.colcon_core.package_identification[0m [1;30mLevel 1[0m _identify(workspace/navpilot_ws/src) by extensions ['ignore', 'ignore_ament_install']
[0.237s] [34mcolcon.colcon_core.package_identification[0m [1;30mLevel 1[0m _identify(workspace/navpilot_ws/src) by extension 'ignore'
[0.237s] [34mcolcon.colcon_core.package_identification[0m [1;30mLevel 1[0m _identify(workspace/navpilot_ws/src) by extension 'ignore_ament_install'
[0.237s] [34mcolcon.colcon_core.package_identification[0m [1;30mLevel 1[0m _identify(workspace/navpilot_ws/src) by extensions ['colcon_pkg']
[0.237s] [34mcolcon.colcon_core.package_identification[0m [1;30mLevel 1[0m _identify(workspace/navpilot_ws/src) by extension 'colcon_pkg'
[0.237s] [34mcolcon.colcon_core.package_identification[0m [1;30mLevel 1[0m _identify(workspace/navpilot_ws/src) by extensions ['colcon_meta']
[0.237s] [34mcolcon.colcon_core.package_identification[0m [1;30mLevel 1[0m _identify(workspace/navpilot_ws/src) by extension 'colcon_meta'
[0.237s] [34mcolcon.colcon_core.package_identification[0m [1;30mLevel 1[0m _identify(workspace/navpilot_ws/src) by extensions ['ros']
[0.237s] [34mcolcon.colcon_core.package_identification[0m [1;30mLevel 1[0m _identify(workspace/navpilot_ws/src) by extension 'ros'
[0.237s] [34mcolcon.colcon_core.package_identification[0m [1;30mLevel 1[0m _identify(workspace/navpilot_ws/src) by extensions ['cmake', 'python']
[0.237s] [34mcolcon.colcon_core.package_identification[0m [1;30mLevel 1[0m _identify(workspace/navpilot_ws/src) by extension 'cmake'
[0.237s] [34mcolcon.colcon_core.package_identification[0m [1;30mLevel 1[0m _identify(workspace/navpilot_ws/src) by extension 'python'
[0.237s] [34mcolcon.colcon_core.package_identification[0m [1;30mLevel 1[0m _identify(workspace/navpilot_ws/src) by extensions ['python_setup_py']
[0.237s] [34mcolcon.colcon_core.package_identification[0m [1;30mLevel 1[0m _identify(workspace/navpilot_ws/src) by extension 'python_setup_py'
[0.237s] [34mcolcon.colcon_core.package_identification[0m [1;30mLevel 1[0m _identify(workspace/navpilot_ws/src/hdmap_stack) by extensions ['ignore', 'ignore_ament_install']
[0.237s] [34mcolcon.colcon_core.package_identification[0m [1;30mLevel 1[0m _identify(workspace/navpilot_ws/src/hdmap_stack) by extension 'ignore'
[0.238s] [34mcolcon.colcon_core.package_identification[0m [1;30mLevel 1[0m _identify(workspace/navpilot_ws/src/hdmap_stack) by extension 'ignore_ament_install'
[0.238s] [34mcolcon.colcon_core.package_identification[0m [1;30mLevel 1[0m _identify(workspace/navpilot_ws/src/hdmap_stack) by extensions ['colcon_pkg']
[0.238s] [34mcolcon.colcon_core.package_identification[0m [1;30mLevel 1[0m _identify(workspace/navpilot_ws/src/hdmap_stack) by extension 'colcon_pkg'
[0.238s] [34mcolcon.colcon_core.package_identification[0m [1;30mLevel 1[0m _identify(workspace/navpilot_ws/src/hdmap_stack) by extensions ['colcon_meta']
[0.238s] [34mcolcon.colcon_core.package_identification[0m [1;30mLevel 1[0m _identify(workspace/navpilot_ws/src/hdmap_stack) by extension 'colcon_meta'
[0.238s] [34mcolcon.colcon_core.package_identification[0m [1;30mLevel 1[0m _identify(workspace/navpilot_ws/src/hdmap_stack) by extensions ['ros']
[0.238s] [34mcolcon.colcon_core.package_identification[0m [1;30mLevel 1[0m _identify(workspace/navpilot_ws/src/hdmap_stack) by extension 'ros'
[0.238s] [34mcolcon.colcon_core.package_identification[0m [1;30mLevel 1[0m _identify(workspace/navpilot_ws/src/hdmap_stack) by extensions ['cmake', 'python']
[0.238s] [34mcolcon.colcon_core.package_identification[0m [1;30mLevel 1[0m _identify(workspace/navpilot_ws/src/hdmap_stack) by extension 'cmake'
[0.238s] [34mcolcon.colcon_core.package_identification[0m [1;30mLevel 1[0m _identify(workspace/navpilot_ws/src/hdmap_stack) by extension 'python'
[0.238s] [34mcolcon.colcon_core.package_identification[0m [1;30mLevel 1[0m _identify(workspace/navpilot_ws/src/hdmap_stack) by extensions ['python_setup_py']
[0.238s] [34mcolcon.colcon_core.package_identification[0m [1;30mLevel 1[0m _identify(workspace/navpilot_ws/src/hdmap_stack) by extension 'python_setup_py'
[0.238s] [34mcolcon.colcon_core.package_identification[0m [1;30mLevel 1[0m _identify(workspace/navpilot_ws/src/hdmap_stack/Lanelet2) by extensions ['ignore', 'ignore_ament_install']
[0.238s] [34mcolcon.colcon_core.package_identification[0m [1;30mLevel 1[0m _identify(workspace/navpilot_ws/src/hdmap_stack/Lanelet2) by extension 'ignore'
[0.238s] [34mcolcon.colcon_core.package_identification[0m [1;30mLevel 1[0m _identify(workspace/navpilot_ws/src/hdmap_stack/Lanelet2) by extension 'ignore_ament_install'
[0.238s] [34mcolcon.colcon_core.package_identification[0m [1;30mLevel 1[0m _identify(workspace/navpilot_ws/src/hdmap_stack/Lanelet2) by extensions ['colcon_pkg']
[0.238s] [34mcolcon.colcon_core.package_identification[0m [1;30mLevel 1[0m _identify(workspace/navpilot_ws/src/hdmap_stack/Lanelet2) by extension 'colcon_pkg'
[0.238s] [34mcolcon.colcon_core.package_identification[0m [1;30mLevel 1[0m _identify(workspace/navpilot_ws/src/hdmap_stack/Lanelet2) by extensions ['colcon_meta']
[0.238s] [34mcolcon.colcon_core.package_identification[0m [1;30mLevel 1[0m _identify(workspace/navpilot_ws/src/hdmap_stack/Lanelet2) by extension 'colcon_meta'
[0.238s] [34mcolcon.colcon_core.package_identification[0m [1;30mLevel 1[0m _identify(workspace/navpilot_ws/src/hdmap_stack/Lanelet2) by extensions ['ros']
[0.238s] [34mcolcon.colcon_core.package_identification[0m [1;30mLevel 1[0m _identify(workspace/navpilot_ws/src/hdmap_stack/Lanelet2) by extension 'ros'
[0.238s] [34mcolcon.colcon_core.package_identification[0m [1;30mLevel 1[0m _identify(workspace/navpilot_ws/src/hdmap_stack/Lanelet2) by extensions ['cmake', 'python']
[0.238s] [34mcolcon.colcon_core.package_identification[0m [1;30mLevel 1[0m _identify(workspace/navpilot_ws/src/hdmap_stack/Lanelet2) by extension 'cmake'
[0.238s] [34mcolcon.colcon_core.package_identification[0m [1;30mLevel 1[0m _identify(workspace/navpilot_ws/src/hdmap_stack/Lanelet2) by extension 'python'
[0.238s] [34mcolcon.colcon_core.package_identification[0m [1;30mLevel 1[0m _identify(workspace/navpilot_ws/src/hdmap_stack/Lanelet2) by extensions ['python_setup_py']
[0.239s] [34mcolcon.colcon_core.package_identification[0m [1;30mLevel 1[0m _identify(workspace/navpilot_ws/src/hdmap_stack/Lanelet2) by extension 'python_setup_py'
[0.239s] [34mcolcon.colcon_core.package_identification[0m [1;30mLevel 1[0m _identify(workspace/navpilot_ws/src/hdmap_stack/Lanelet2/docs) by extensions ['ignore', 'ignore_ament_install']
[0.239s] [34mcolcon.colcon_core.package_identification[0m [1;30mLevel 1[0m _identify(workspace/navpilot_ws/src/hdmap_stack/Lanelet2/docs) by extension 'ignore'
[0.239s] [34mcolcon.colcon_core.package_identification[0m [1;30mLevel 1[0m _identify(workspace/navpilot_ws/src/hdmap_stack/Lanelet2/docs) by extension 'ignore_ament_install'
[0.239s] [34mcolcon.colcon_core.package_identification[0m [1;30mLevel 1[0m _identify(workspace/navpilot_ws/src/hdmap_stack/Lanelet2/docs) by extensions ['colcon_pkg']
[0.239s] [34mcolcon.colcon_core.package_identification[0m [1;30mLevel 1[0m _identify(workspace/navpilot_ws/src/hdmap_stack/Lanelet2/docs) by extension 'colcon_pkg'
[0.239s] [34mcolcon.colcon_core.package_identification[0m [1;30mLevel 1[0m _identify(workspace/navpilot_ws/src/hdmap_stack/Lanelet2/docs) by extensions ['colcon_meta']
[0.239s] [34mcolcon.colcon_core.package_identification[0m [1;30mLevel 1[0m _identify(workspace/navpilot_ws/src/hdmap_stack/Lanelet2/docs) by extension 'colcon_meta'
[0.239s] [34mcolcon.colcon_core.package_identification[0m [1;30mLevel 1[0m _identify(workspace/navpilot_ws/src/hdmap_stack/Lanelet2/docs) by extensions ['ros']
[0.239s] [34mcolcon.colcon_core.package_identification[0m [1;30mLevel 1[0m _identify(workspace/navpilot_ws/src/hdmap_stack/Lanelet2/docs) by extension 'ros'
[0.239s] [34mcolcon.colcon_core.package_identification[0m [1;30mLevel 1[0m _identify(workspace/navpilot_ws/src/hdmap_stack/Lanelet2/docs) by extensions ['cmake', 'python']
[0.239s] [34mcolcon.colcon_core.package_identification[0m [1;30mLevel 1[0m _identify(workspace/navpilot_ws/src/hdmap_stack/Lanelet2/docs) by extension 'cmake'
[0.239s] [34mcolcon.colcon_core.package_identification[0m [1;30mLevel 1[0m _identify(workspace/navpilot_ws/src/hdmap_stack/Lanelet2/docs) by extension 'python'
[0.239s] [34mcolcon.colcon_core.package_identification[0m [1;30mLevel 1[0m _identify(workspace/navpilot_ws/src/hdmap_stack/Lanelet2/docs) by extensions ['python_setup_py']
[0.239s] [34mcolcon.colcon_core.package_identification[0m [1;30mLevel 1[0m _identify(workspace/navpilot_ws/src/hdmap_stack/Lanelet2/docs) by extension 'python_setup_py'
[0.239s] [34mcolcon.colcon_core.package_identification[0m [1;30mLevel 1[0m _identify(workspace/navpilot_ws/src/hdmap_stack/Lanelet2/lanelet2) by extensions ['ignore', 'ignore_ament_install']
[0.239s] [34mcolcon.colcon_core.package_identification[0m [1;30mLevel 1[0m _identify(workspace/navpilot_ws/src/hdmap_stack/Lanelet2/lanelet2) by extension 'ignore'
[0.239s] [34mcolcon.colcon_core.package_identification[0m [1;30mLevel 1[0m _identify(workspace/navpilot_ws/src/hdmap_stack/Lanelet2/lanelet2) by extension 'ignore_ament_install'
[0.239s] [34mcolcon.colcon_core.package_identification[0m [1;30mLevel 1[0m _identify(workspace/navpilot_ws/src/hdmap_stack/Lanelet2/lanelet2) by extensions ['colcon_pkg']
[0.239s] [34mcolcon.colcon_core.package_identification[0m [1;30mLevel 1[0m _identify(workspace/navpilot_ws/src/hdmap_stack/Lanelet2/lanelet2) by extension 'colcon_pkg'
[0.239s] [34mcolcon.colcon_core.package_identification[0m [1;30mLevel 1[0m _identify(workspace/navpilot_ws/src/hdmap_stack/Lanelet2/lanelet2) by extensions ['colcon_meta']
[0.239s] [34mcolcon.colcon_core.package_identification[0m [1;30mLevel 1[0m _identify(workspace/navpilot_ws/src/hdmap_stack/Lanelet2/lanelet2) by extension 'colcon_meta'
[0.240s] [34mcolcon.colcon_core.package_identification[0m [1;30mLevel 1[0m _identify(workspace/navpilot_ws/src/hdmap_stack/Lanelet2/lanelet2) by extensions ['ros']
[0.240s] [34mcolcon.colcon_core.package_identification[0m [1;30mLevel 1[0m _identify(workspace/navpilot_ws/src/hdmap_stack/Lanelet2/lanelet2) by extension 'ros'
[0.244s] [34mcolcon.colcon_core.package_identification[0m [1;30mDEBUG[0m [32mPackage 'workspace/navpilot_ws/src/hdmap_stack/Lanelet2/lanelet2' with type 'ros.ament_cmake' and name 'lanelet2'[0m
[0.244s] [34mcolcon.colcon_core.package_identification[0m [1;30mLevel 1[0m _identify(workspace/navpilot_ws/src/hdmap_stack/Lanelet2/lanelet2_core) by extensions ['ignore', 'ignore_ament_install']
[0.244s] [34mcolcon.colcon_core.package_identification[0m [1;30mLevel 1[0m _identify(workspace/navpilot_ws/src/hdmap_stack/Lanelet2/lanelet2_core) by extension 'ignore'
[0.244s] [34mcolcon.colcon_core.package_identification[0m [1;30mLevel 1[0m _identify(workspace/navpilot_ws/src/hdmap_stack/Lanelet2/lanelet2_core) by extension 'ignore_ament_install'
[0.244s] [34mcolcon.colcon_core.package_identification[0m [1;30mLevel 1[0m _identify(workspace/navpilot_ws/src/hdmap_stack/Lanelet2/lanelet2_core) by extensions ['colcon_pkg']
[0.244s] [34mcolcon.colcon_core.package_identification[0m [1;30mLevel 1[0m _identify(workspace/navpilot_ws/src/hdmap_stack/Lanelet2/lanelet2_core) by extension 'colcon_pkg'
[0.244s] [34mcolcon.colcon_core.package_identification[0m [1;30mLevel 1[0m _identify(workspace/navpilot_ws/src/hdmap_stack/Lanelet2/lanelet2_core) by extensions ['colcon_meta']
[0.244s] [34mcolcon.colcon_core.package_identification[0m [1;30mLevel 1[0m _identify(workspace/navpilot_ws/src/hdmap_stack/Lanelet2/lanelet2_core) by extension 'colcon_meta'
[0.244s] [34mcolcon.colcon_core.package_identification[0m [1;30mLevel 1[0m _identify(workspace/navpilot_ws/src/hdmap_stack/Lanelet2/lanelet2_core) by extensions ['ros']
[0.244s] [34mcolcon.colcon_core.package_identification[0m [1;30mLevel 1[0m _identify(workspace/navpilot_ws/src/hdmap_stack/Lanelet2/lanelet2_core) by extension 'ros'
[0.246s] [34mcolcon.colcon_core.package_identification[0m [1;30mDEBUG[0m [32mPackage 'workspace/navpilot_ws/src/hdmap_stack/Lanelet2/lanelet2_core' with type 'ros.ament_cmake' and name 'lanelet2_core'[0m
[0.246s] [34mcolcon.colcon_core.package_identification[0m [1;30mLevel 1[0m _identify(workspace/navpilot_ws/src/hdmap_stack/Lanelet2/lanelet2_examples) by extensions ['ignore', 'ignore_ament_install']
[0.246s] [34mcolcon.colcon_core.package_identification[0m [1;30mLevel 1[0m _identify(workspace/navpilot_ws/src/hdmap_stack/Lanelet2/lanelet2_examples) by extension 'ignore'
[0.246s] [34mcolcon.colcon_core.package_identification[0m [1;30mLevel 1[0m _identify(workspace/navpilot_ws/src/hdmap_stack/Lanelet2/lanelet2_examples) by extension 'ignore_ament_install'
[0.246s] [34mcolcon.colcon_core.package_identification[0m [1;30mLevel 1[0m _identify(workspace/navpilot_ws/src/hdmap_stack/Lanelet2/lanelet2_examples) by extensions ['colcon_pkg']
[0.246s] [34mcolcon.colcon_core.package_identification[0m [1;30mLevel 1[0m _identify(workspace/navpilot_ws/src/hdmap_stack/Lanelet2/lanelet2_examples) by extension 'colcon_pkg'
[0.246s] [34mcolcon.colcon_core.package_identification[0m [1;30mLevel 1[0m _identify(workspace/navpilot_ws/src/hdmap_stack/Lanelet2/lanelet2_examples) by extensions ['colcon_meta']
[0.246s] [34mcolcon.colcon_core.package_identification[0m [1;30mLevel 1[0m _identify(workspace/navpilot_ws/src/hdmap_stack/Lanelet2/lanelet2_examples) by extension 'colcon_meta'
[0.246s] [34mcolcon.colcon_core.package_identification[0m [1;30mLevel 1[0m _identify(workspace/navpilot_ws/src/hdmap_stack/Lanelet2/lanelet2_examples) by extensions ['ros']
[0.246s] [34mcolcon.colcon_core.package_identification[0m [1;30mLevel 1[0m _identify(workspace/navpilot_ws/src/hdmap_stack/Lanelet2/lanelet2_examples) by extension 'ros'
[0.248s] [34mcolcon.colcon_core.package_identification[0m [1;30mDEBUG[0m [32mPackage 'workspace/navpilot_ws/src/hdmap_stack/Lanelet2/lanelet2_examples' with type 'ros.ament_cmake' and name 'lanelet2_examples'[0m
[0.248s] [34mcolcon.colcon_core.package_identification[0m [1;30mLevel 1[0m _identify(workspace/navpilot_ws/src/hdmap_stack/Lanelet2/lanelet2_io) by extensions ['ignore', 'ignore_ament_install']
[0.248s] [34mcolcon.colcon_core.package_identification[0m [1;30mLevel 1[0m _identify(workspace/navpilot_ws/src/hdmap_stack/Lanelet2/lanelet2_io) by extension 'ignore'
[0.248s] [34mcolcon.colcon_core.package_identification[0m [1;30mLevel 1[0m _identify(workspace/navpilot_ws/src/hdmap_stack/Lanelet2/lanelet2_io) by extension 'ignore_ament_install'
[0.248s] [34mcolcon.colcon_core.package_identification[0m [1;30mLevel 1[0m _identify(workspace/navpilot_ws/src/hdmap_stack/Lanelet2/lanelet2_io) by extensions ['colcon_pkg']
[0.248s] [34mcolcon.colcon_core.package_identification[0m [1;30mLevel 1[0m _identify(workspace/navpilot_ws/src/hdmap_stack/Lanelet2/lanelet2_io) by extension 'colcon_pkg'
[0.248s] [34mcolcon.colcon_core.package_identification[0m [1;30mLevel 1[0m _identify(workspace/navpilot_ws/src/hdmap_stack/Lanelet2/lanelet2_io) by extensions ['colcon_meta']
[0.248s] [34mcolcon.colcon_core.package_identification[0m [1;30mLevel 1[0m _identify(workspace/navpilot_ws/src/hdmap_stack/Lanelet2/lanelet2_io) by extension 'colcon_meta'
[0.248s] [34mcolcon.colcon_core.package_identification[0m [1;30mLevel 1[0m _identify(workspace/navpilot_ws/src/hdmap_stack/Lanelet2/lanelet2_io) by extensions ['ros']
[0.248s] [34mcolcon.colcon_core.package_identification[0m [1;30mLevel 1[0m _identify(workspace/navpilot_ws/src/hdmap_stack/Lanelet2/lanelet2_io) by extension 'ros'
[0.250s] [34mcolcon.colcon_core.package_identification[0m [1;30mDEBUG[0m [32mPackage 'workspace/navpilot_ws/src/hdmap_stack/Lanelet2/lanelet2_io' with type 'ros.ament_cmake' and name 'lanelet2_io'[0m
[0.250s] [34mcolcon.colcon_core.package_identification[0m [1;30mLevel 1[0m _identify(workspace/navpilot_ws/src/hdmap_stack/Lanelet2/lanelet2_maps) by extensions ['ignore', 'ignore_ament_install']
[0.250s] [34mcolcon.colcon_core.package_identification[0m [1;30mLevel 1[0m _identify(workspace/navpilot_ws/src/hdmap_stack/Lanelet2/lanelet2_maps) by extension 'ignore'
[0.250s] [34mcolcon.colcon_core.package_identification[0m [1;30mLevel 1[0m _identify(workspace/navpilot_ws/src/hdmap_stack/Lanelet2/lanelet2_maps) by extension 'ignore_ament_install'
[0.250s] [34mcolcon.colcon_core.package_identification[0m [1;30mLevel 1[0m _identify(workspace/navpilot_ws/src/hdmap_stack/Lanelet2/lanelet2_maps) by extensions ['colcon_pkg']
[0.250s] [34mcolcon.colcon_core.package_identification[0m [1;30mLevel 1[0m _identify(workspace/navpilot_ws/src/hdmap_stack/Lanelet2/lanelet2_maps) by extension 'colcon_pkg'
[0.250s] [34mcolcon.colcon_core.package_identification[0m [1;30mLevel 1[0m _identify(workspace/navpilot_ws/src/hdmap_stack/Lanelet2/lanelet2_maps) by extensions ['colcon_meta']
[0.250s] [34mcolcon.colcon_core.package_identification[0m [1;30mLevel 1[0m _identify(workspace/navpilot_ws/src/hdmap_stack/Lanelet2/lanelet2_maps) by extension 'colcon_meta'
[0.250s] [34mcolcon.colcon_core.package_identification[0m [1;30mLevel 1[0m _identify(workspace/navpilot_ws/src/hdmap_stack/Lanelet2/lanelet2_maps) by extensions ['ros']
[0.250s] [34mcolcon.colcon_core.package_identification[0m [1;30mLevel 1[0m _identify(workspace/navpilot_ws/src/hdmap_stack/Lanelet2/lanelet2_maps) by extension 'ros'
[0.251s] [34mcolcon.colcon_core.package_identification[0m [1;30mDEBUG[0m [32mPackage 'workspace/navpilot_ws/src/hdmap_stack/Lanelet2/lanelet2_maps' with type 'ros.ament_cmake' and name 'lanelet2_maps'[0m
[0.252s] [34mcolcon.colcon_core.package_identification[0m [1;30mLevel 1[0m _identify(workspace/navpilot_ws/src/hdmap_stack/Lanelet2/lanelet2_matching) by extensions ['ignore', 'ignore_ament_install']
[0.252s] [34mcolcon.colcon_core.package_identification[0m [1;30mLevel 1[0m _identify(workspace/navpilot_ws/src/hdmap_stack/Lanelet2/lanelet2_matching) by extension 'ignore'
[0.252s] [34mcolcon.colcon_core.package_identification[0m [1;30mLevel 1[0m _identify(workspace/navpilot_ws/src/hdmap_stack/Lanelet2/lanelet2_matching) by extension 'ignore_ament_install'
[0.252s] [34mcolcon.colcon_core.package_identification[0m [1;30mLevel 1[0m _identify(workspace/navpilot_ws/src/hdmap_stack/Lanelet2/lanelet2_matching) by extensions ['colcon_pkg']
[0.252s] [34mcolcon.colcon_core.package_identification[0m [1;30mLevel 1[0m _identify(workspace/navpilot_ws/src/hdmap_stack/Lanelet2/lanelet2_matching) by extension 'colcon_pkg'
[0.252s] [34mcolcon.colcon_core.package_identification[0m [1;30mLevel 1[0m _identify(workspace/navpilot_ws/src/hdmap_stack/Lanelet2/lanelet2_matching) by extensions ['colcon_meta']
[0.252s] [34mcolcon.colcon_core.package_identification[0m [1;30mLevel 1[0m _identify(workspace/navpilot_ws/src/hdmap_stack/Lanelet2/lanelet2_matching) by extension 'colcon_meta'
[0.252s] [34mcolcon.colcon_core.package_identification[0m [1;30mLevel 1[0m _identify(workspace/navpilot_ws/src/hdmap_stack/Lanelet2/lanelet2_matching) by extensions ['ros']
[0.252s] [34mcolcon.colcon_core.package_identification[0m [1;30mLevel 1[0m _identify(workspace/navpilot_ws/src/hdmap_stack/Lanelet2/lanelet2_matching) by extension 'ros'
[0.254s] [34mcolcon.colcon_core.package_identification[0m [1;30mDEBUG[0m [32mPackage 'workspace/navpilot_ws/src/hdmap_stack/Lanelet2/lanelet2_matching' with type 'ros.ament_cmake' and name 'lanelet2_matching'[0m
[0.254s] [34mcolcon.colcon_core.package_identification[0m [1;30mLevel 1[0m _identify(workspace/navpilot_ws/src/hdmap_stack/Lanelet2/lanelet2_projection) by extensions ['ignore', 'ignore_ament_install']
[0.254s] [34mcolcon.colcon_core.package_identification[0m [1;30mLevel 1[0m _identify(workspace/navpilot_ws/src/hdmap_stack/Lanelet2/lanelet2_projection) by extension 'ignore'
[0.254s] [34mcolcon.colcon_core.package_identification[0m [1;30mLevel 1[0m _identify(workspace/navpilot_ws/src/hdmap_stack/Lanelet2/lanelet2_projection) by extension 'ignore_ament_install'
[0.254s] [34mcolcon.colcon_core.package_identification[0m [1;30mLevel 1[0m _identify(workspace/navpilot_ws/src/hdmap_stack/Lanelet2/lanelet2_projection) by extensions ['colcon_pkg']
[0.254s] [34mcolcon.colcon_core.package_identification[0m [1;30mLevel 1[0m _identify(workspace/navpilot_ws/src/hdmap_stack/Lanelet2/lanelet2_projection) by extension 'colcon_pkg'
[0.254s] [34mcolcon.colcon_core.package_identification[0m [1;30mLevel 1[0m _identify(workspace/navpilot_ws/src/hdmap_stack/Lanelet2/lanelet2_projection) by extensions ['colcon_meta']
[0.254s] [34mcolcon.colcon_core.package_identification[0m [1;30mLevel 1[0m _identify(workspace/navpilot_ws/src/hdmap_stack/Lanelet2/lanelet2_projection) by extension 'colcon_meta'
[0.254s] [34mcolcon.colcon_core.package_identification[0m [1;30mLevel 1[0m _identify(workspace/navpilot_ws/src/hdmap_stack/Lanelet2/lanelet2_projection) by extensions ['ros']
[0.254s] [34mcolcon.colcon_core.package_identification[0m [1;30mLevel 1[0m _identify(workspace/navpilot_ws/src/hdmap_stack/Lanelet2/lanelet2_projection) by extension 'ros'
[0.255s] [34mcolcon.colcon_core.package_identification[0m [1;30mDEBUG[0m [32mPackage 'workspace/navpilot_ws/src/hdmap_stack/Lanelet2/lanelet2_projection' with type 'ros.ament_cmake' and name 'lanelet2_projection'[0m
[0.255s] [34mcolcon.colcon_core.package_identification[0m [1;30mLevel 1[0m _identify(workspace/navpilot_ws/src/hdmap_stack/Lanelet2/lanelet2_python) by extensions ['ignore', 'ignore_ament_install']
[0.255s] [34mcolcon.colcon_core.package_identification[0m [1;30mLevel 1[0m _identify(workspace/navpilot_ws/src/hdmap_stack/Lanelet2/lanelet2_python) by extension 'ignore'
[0.255s] [34mcolcon.colcon_core.package_identification[0m [1;30mLevel 1[0m _identify(workspace/navpilot_ws/src/hdmap_stack/Lanelet2/lanelet2_python) by extension 'ignore_ament_install'
[0.256s] [34mcolcon.colcon_core.package_identification[0m [1;30mLevel 1[0m _identify(workspace/navpilot_ws/src/hdmap_stack/Lanelet2/lanelet2_python) by extensions ['colcon_pkg']
[0.256s] [34mcolcon.colcon_core.package_identification[0m [1;30mLevel 1[0m _identify(workspace/navpilot_ws/src/hdmap_stack/Lanelet2/lanelet2_python) by extension 'colcon_pkg'
[0.256s] [34mcolcon.colcon_core.package_identification[0m [1;30mLevel 1[0m _identify(workspace/navpilot_ws/src/hdmap_stack/Lanelet2/lanelet2_python) by extensions ['colcon_meta']
[0.256s] [34mcolcon.colcon_core.package_identification[0m [1;30mLevel 1[0m _identify(workspace/navpilot_ws/src/hdmap_stack/Lanelet2/lanelet2_python) by extension 'colcon_meta'
[0.256s] [34mcolcon.colcon_core.package_identification[0m [1;30mLevel 1[0m _identify(workspace/navpilot_ws/src/hdmap_stack/Lanelet2/lanelet2_python) by extensions ['ros']
[0.256s] [34mcolcon.colcon_core.package_identification[0m [1;30mLevel 1[0m _identify(workspace/navpilot_ws/src/hdmap_stack/Lanelet2/lanelet2_python) by extension 'ros'
[0.257s] [34mcolcon.colcon_core.package_identification[0m [1;30mDEBUG[0m [32mPackage 'workspace/navpilot_ws/src/hdmap_stack/Lanelet2/lanelet2_python' with type 'ros.ament_cmake' and name 'lanelet2_python'[0m
[0.257s] [34mcolcon.colcon_core.package_identification[0m [1;30mLevel 1[0m _identify(workspace/navpilot_ws/src/hdmap_stack/Lanelet2/lanelet2_routing) by extensions ['ignore', 'ignore_ament_install']
[0.257s] [34mcolcon.colcon_core.package_identification[0m [1;30mLevel 1[0m _identify(workspace/navpilot_ws/src/hdmap_stack/Lanelet2/lanelet2_routing) by extension 'ignore'
[0.257s] [34mcolcon.colcon_core.package_identification[0m [1;30mLevel 1[0m _identify(workspace/navpilot_ws/src/hdmap_stack/Lanelet2/lanelet2_routing) by extension 'ignore_ament_install'
[0.257s] [34mcolcon.colcon_core.package_identification[0m [1;30mLevel 1[0m _identify(workspace/navpilot_ws/src/hdmap_stack/Lanelet2/lanelet2_routing) by extensions ['colcon_pkg']
[0.257s] [34mcolcon.colcon_core.package_identification[0m [1;30mLevel 1[0m _identify(workspace/navpilot_ws/src/hdmap_stack/Lanelet2/lanelet2_routing) by extension 'colcon_pkg'
[0.258s] [34mcolcon.colcon_core.package_identification[0m [1;30mLevel 1[0m _identify(workspace/navpilot_ws/src/hdmap_stack/Lanelet2/lanelet2_routing) by extensions ['colcon_meta']
[0.258s] [34mcolcon.colcon_core.package_identification[0m [1;30mLevel 1[0m _identify(workspace/navpilot_ws/src/hdmap_stack/Lanelet2/lanelet2_routing) by extension 'colcon_meta'
[0.258s] [34mcolcon.colcon_core.package_identification[0m [1;30mLevel 1[0m _identify(workspace/navpilot_ws/src/hdmap_stack/Lanelet2/lanelet2_routing) by extensions ['ros']
[0.258s] [34mcolcon.colcon_core.package_identification[0m [1;30mLevel 1[0m _identify(workspace/navpilot_ws/src/hdmap_stack/Lanelet2/lanelet2_routing) by extension 'ros'
[0.259s] [34mcolcon.colcon_core.package_identification[0m [1;30mDEBUG[0m [32mPackage 'workspace/navpilot_ws/src/hdmap_stack/Lanelet2/lanelet2_routing' with type 'ros.ament_cmake' and name 'lanelet2_routing'[0m
[0.259s] [34mcolcon.colcon_core.package_identification[0m [1;30mLevel 1[0m _identify(workspace/navpilot_ws/src/hdmap_stack/Lanelet2/lanelet2_traffic_rules) by extensions ['ignore', 'ignore_ament_install']
[0.259s] [34mcolcon.colcon_core.package_identification[0m [1;30mLevel 1[0m _identify(workspace/navpilot_ws/src/hdmap_stack/Lanelet2/lanelet2_traffic_rules) by extension 'ignore'
[0.259s] [34mcolcon.colcon_core.package_identification[0m [1;30mLevel 1[0m _identify(workspace/navpilot_ws/src/hdmap_stack/Lanelet2/lanelet2_traffic_rules) by extension 'ignore_ament_install'
[0.259s] [34mcolcon.colcon_core.package_identification[0m [1;30mLevel 1[0m _identify(workspace/navpilot_ws/src/hdmap_stack/Lanelet2/lanelet2_traffic_rules) by extensions ['colcon_pkg']
[0.259s] [34mcolcon.colcon_core.package_identification[0m [1;30mLevel 1[0m _identify(workspace/navpilot_ws/src/hdmap_stack/Lanelet2/lanelet2_traffic_rules) by extension 'colcon_pkg'
[0.259s] [34mcolcon.colcon_core.package_identification[0m [1;30mLevel 1[0m _identify(workspace/navpilot_ws/src/hdmap_stack/Lanelet2/lanelet2_traffic_rules) by extensions ['colcon_meta']
[0.259s] [34mcolcon.colcon_core.package_identification[0m [1;30mLevel 1[0m _identify(workspace/navpilot_ws/src/hdmap_stack/Lanelet2/lanelet2_traffic_rules) by extension 'colcon_meta'
[0.259s] [34mcolcon.colcon_core.package_identification[0m [1;30mLevel 1[0m _identify(workspace/navpilot_ws/src/hdmap_stack/Lanelet2/lanelet2_traffic_rules) by extensions ['ros']
[0.259s] [34mcolcon.colcon_core.package_identification[0m [1;30mLevel 1[0m _identify(workspace/navpilot_ws/src/hdmap_stack/Lanelet2/lanelet2_traffic_rules) by extension 'ros'
[0.261s] [34mcolcon.colcon_core.package_identification[0m [1;30mDEBUG[0m [32mPackage 'workspace/navpilot_ws/src/hdmap_stack/Lanelet2/lanelet2_traffic_rules' with type 'ros.ament_cmake' and name 'lanelet2_traffic_rules'[0m
[0.261s] [34mcolcon.colcon_core.package_identification[0m [1;30mLevel 1[0m _identify(workspace/navpilot_ws/src/hdmap_stack/Lanelet2/lanelet2_validation) by extensions ['ignore', 'ignore_ament_install']
[0.261s] [34mcolcon.colcon_core.package_identification[0m [1;30mLevel 1[0m _identify(workspace/navpilot_ws/src/hdmap_stack/Lanelet2/lanelet2_validation) by extension 'ignore'
[0.261s] [34mcolcon.colcon_core.package_identification[0m [1;30mLevel 1[0m _identify(workspace/navpilot_ws/src/hdmap_stack/Lanelet2/lanelet2_validation) by extension 'ignore_ament_install'
[0.261s] [34mcolcon.colcon_core.package_identification[0m [1;30mLevel 1[0m _identify(workspace/navpilot_ws/src/hdmap_stack/Lanelet2/lanelet2_validation) by extensions ['colcon_pkg']
[0.261s] [34mcolcon.colcon_core.package_identification[0m [1;30mLevel 1[0m _identify(workspace/navpilot_ws/src/hdmap_stack/Lanelet2/lanelet2_validation) by extension 'colcon_pkg'
[0.261s] [34mcolcon.colcon_core.package_identification[0m [1;30mLevel 1[0m _identify(workspace/navpilot_ws/src/hdmap_stack/Lanelet2/lanelet2_validation) by extensions ['colcon_meta']
[0.261s] [34mcolcon.colcon_core.package_identification[0m [1;30mLevel 1[0m _identify(workspace/navpilot_ws/src/hdmap_stack/Lanelet2/lanelet2_validation) by extension 'colcon_meta'
[0.261s] [34mcolcon.colcon_core.package_identification[0m [1;30mLevel 1[0m _identify(workspace/navpilot_ws/src/hdmap_stack/Lanelet2/lanelet2_validation) by extensions ['ros']
[0.261s] [34mcolcon.colcon_core.package_identification[0m [1;30mLevel 1[0m _identify(workspace/navpilot_ws/src/hdmap_stack/Lanelet2/lanelet2_validation) by extension 'ros'
[0.262s] [34mcolcon.colcon_core.package_identification[0m [1;30mDEBUG[0m [32mPackage 'workspace/navpilot_ws/src/hdmap_stack/Lanelet2/lanelet2_validation' with type 'ros.ament_cmake' and name 'lanelet2_validation'[0m
[0.262s] [34mcolcon.colcon_core.package_identification[0m [1;30mLevel 1[0m _identify(workspace/navpilot_ws/src/hdmap_stack/hdmap_visualizer) by extensions ['ignore', 'ignore_ament_install']
[0.263s] [34mcolcon.colcon_core.package_identification[0m [1;30mLevel 1[0m _identify(workspace/navpilot_ws/src/hdmap_stack/hdmap_visualizer) by extension 'ignore'
[0.263s] [34mcolcon.colcon_core.package_identification[0m [1;30mLevel 1[0m _identify(workspace/navpilot_ws/src/hdmap_stack/hdmap_visualizer) by extension 'ignore_ament_install'
[0.263s] [34mcolcon.colcon_core.package_identification[0m [1;30mLevel 1[0m _identify(workspace/navpilot_ws/src/hdmap_stack/hdmap_visualizer) by extensions ['colcon_pkg']
[0.263s] [34mcolcon.colcon_core.package_identification[0m [1;30mLevel 1[0m _identify(workspace/navpilot_ws/src/hdmap_stack/hdmap_visualizer) by extension 'colcon_pkg'
[0.263s] [34mcolcon.colcon_core.package_identification[0m [1;30mLevel 1[0m _identify(workspace/navpilot_ws/src/hdmap_stack/hdmap_visualizer) by extensions ['colcon_meta']
[0.263s] [34mcolcon.colcon_core.package_identification[0m [1;30mLevel 1[0m _identify(workspace/navpilot_ws/src/hdmap_stack/hdmap_visualizer) by extension 'colcon_meta'
[0.263s] [34mcolcon.colcon_core.package_identification[0m [1;30mLevel 1[0m _identify(workspace/navpilot_ws/src/hdmap_stack/hdmap_visualizer) by extensions ['ros']
[0.263s] [34mcolcon.colcon_core.package_identification[0m [1;30mLevel 1[0m _identify(workspace/navpilot_ws/src/hdmap_stack/hdmap_visualizer) by extension 'ros'
[0.264s] [34mcolcon.colcon_core.package_identification[0m [1;30mDEBUG[0m [32mPackage 'workspace/navpilot_ws/src/hdmap_stack/hdmap_visualizer' with type 'ros.ament_cmake' and name 'map_visualizer'[0m
[0.264s] [34mcolcon.colcon_core.package_identification[0m [1;30mLevel 1[0m _identify(workspace/navpilot_ws/src/hdmap_stack/launch) by extensions ['ignore', 'ignore_ament_install']
[0.264s] [34mcolcon.colcon_core.package_identification[0m [1;30mLevel 1[0m _identify(workspace/navpilot_ws/src/hdmap_stack/launch) by extension 'ignore'
[0.264s] [34mcolcon.colcon_core.package_identification[0m [1;30mLevel 1[0m _identify(workspace/navpilot_ws/src/hdmap_stack/launch) by extension 'ignore_ament_install'
[0.264s] [34mcolcon.colcon_core.package_identification[0m [1;30mLevel 1[0m _identify(workspace/navpilot_ws/src/hdmap_stack/launch) by extensions ['colcon_pkg']
[0.264s] [34mcolcon.colcon_core.package_identification[0m [1;30mLevel 1[0m _identify(workspace/navpilot_ws/src/hdmap_stack/launch) by extension 'colcon_pkg'
[0.264s] [34mcolcon.colcon_core.package_identification[0m [1;30mLevel 1[0m _identify(workspace/navpilot_ws/src/hdmap_stack/launch) by extensions ['colcon_meta']
[0.264s] [34mcolcon.colcon_core.package_identification[0m [1;30mLevel 1[0m _identify(workspace/navpilot_ws/src/hdmap_stack/launch) by extension 'colcon_meta'
[0.264s] [34mcolcon.colcon_core.package_identification[0m [1;30mLevel 1[0m _identify(workspace/navpilot_ws/src/hdmap_stack/launch) by extensions ['ros']
[0.264s] [34mcolcon.colcon_core.package_identification[0m [1;30mLevel 1[0m _identify(workspace/navpilot_ws/src/hdmap_stack/launch) by extension 'ros'
[0.264s] [34mcolcon.colcon_core.package_identification[0m [1;30mLevel 1[0m _identify(workspace/navpilot_ws/src/hdmap_stack/launch) by extensions ['cmake', 'python']
[0.264s] [34mcolcon.colcon_core.package_identification[0m [1;30mLevel 1[0m _identify(workspace/navpilot_ws/src/hdmap_stack/launch) by extension 'cmake'
[0.264s] [34mcolcon.colcon_core.package_identification[0m [1;30mLevel 1[0m _identify(workspace/navpilot_ws/src/hdmap_stack/launch) by extension 'python'
[0.264s] [34mcolcon.colcon_core.package_identification[0m [1;30mLevel 1[0m _identify(workspace/navpilot_ws/src/hdmap_stack/launch) by extensions ['python_setup_py']
[0.264s] [34mcolcon.colcon_core.package_identification[0m [1;30mLevel 1[0m _identify(workspace/navpilot_ws/src/hdmap_stack/launch) by extension 'python_setup_py'
[0.264s] [34mcolcon.colcon_core.package_identification[0m [1;30mLevel 1[0m _identify(workspace/navpilot_ws/src/hdmap_stack/launch/__pycache__) by extensions ['ignore', 'ignore_ament_install']
[0.264s] [34mcolcon.colcon_core.package_identification[0m [1;30mLevel 1[0m _identify(workspace/navpilot_ws/src/hdmap_stack/launch/__pycache__) by extension 'ignore'
[0.264s] [34mcolcon.colcon_core.package_identification[0m [1;30mLevel 1[0m _identify(workspace/navpilot_ws/src/hdmap_stack/launch/__pycache__) by extension 'ignore_ament_install'
[0.264s] [34mcolcon.colcon_core.package_identification[0m [1;30mLevel 1[0m _identify(workspace/navpilot_ws/src/hdmap_stack/launch/__pycache__) by extensions ['colcon_pkg']
[0.264s] [34mcolcon.colcon_core.package_identification[0m [1;30mLevel 1[0m _identify(workspace/navpilot_ws/src/hdmap_stack/launch/__pycache__) by extension 'colcon_pkg'
[0.265s] [34mcolcon.colcon_core.package_identification[0m [1;30mLevel 1[0m _identify(workspace/navpilot_ws/src/hdmap_stack/launch/__pycache__) by extensions ['colcon_meta']
[0.265s] [34mcolcon.colcon_core.package_identification[0m [1;30mLevel 1[0m _identify(workspace/navpilot_ws/src/hdmap_stack/launch/__pycache__) by extension 'colcon_meta'
[0.265s] [34mcolcon.colcon_core.package_identification[0m [1;30mLevel 1[0m _identify(workspace/navpilot_ws/src/hdmap_stack/launch/__pycache__) by extensions ['ros']
[0.265s] [34mcolcon.colcon_core.package_identification[0m [1;30mLevel 1[0m _identify(workspace/navpilot_ws/src/hdmap_stack/launch/__pycache__) by extension 'ros'
[0.265s] [34mcolcon.colcon_core.package_identification[0m [1;30mLevel 1[0m _identify(workspace/navpilot_ws/src/hdmap_stack/launch/__pycache__) by extensions ['cmake', 'python']
[0.265s] [34mcolcon.colcon_core.package_identification[0m [1;30mLevel 1[0m _identify(workspace/navpilot_ws/src/hdmap_stack/launch/__pycache__) by extension 'cmake'
[0.265s] [34mcolcon.colcon_core.package_identification[0m [1;30mLevel 1[0m _identify(workspace/navpilot_ws/src/hdmap_stack/launch/__pycache__) by extension 'python'
[0.265s] [34mcolcon.colcon_core.package_identification[0m [1;30mLevel 1[0m _identify(workspace/navpilot_ws/src/hdmap_stack/launch/__pycache__) by extensions ['python_setup_py']
[0.265s] [34mcolcon.colcon_core.package_identification[0m [1;30mLevel 1[0m _identify(workspace/navpilot_ws/src/hdmap_stack/launch/__pycache__) by extension 'python_setup_py'
[0.265s] [34mcolcon.colcon_core.package_identification[0m [1;30mLevel 1[0m _identify(workspace/navpilot_ws/src/hdmap_stack/mrt_cmake_modules) by extensions ['ignore', 'ignore_ament_install']
[0.265s] [34mcolcon.colcon_core.package_identification[0m [1;30mLevel 1[0m _identify(workspace/navpilot_ws/src/hdmap_stack/mrt_cmake_modules) by extension 'ignore'
[0.265s] [34mcolcon.colcon_core.package_identification[0m [1;30mLevel 1[0m _identify(workspace/navpilot_ws/src/hdmap_stack/mrt_cmake_modules) by extension 'ignore_ament_install'
[0.265s] [34mcolcon.colcon_core.package_identification[0m [1;30mLevel 1[0m _identify(workspace/navpilot_ws/src/hdmap_stack/mrt_cmake_modules) by extensions ['colcon_pkg']
[0.265s] [34mcolcon.colcon_core.package_identification[0m [1;30mLevel 1[0m _identify(workspace/navpilot_ws/src/hdmap_stack/mrt_cmake_modules) by extension 'colcon_pkg'
[0.265s] [34mcolcon.colcon_core.package_identification[0m [1;30mLevel 1[0m _identify(workspace/navpilot_ws/src/hdmap_stack/mrt_cmake_modules) by extensions ['colcon_meta']
[0.265s] [34mcolcon.colcon_core.package_identification[0m [1;30mLevel 1[0m _identify(workspace/navpilot_ws/src/hdmap_stack/mrt_cmake_modules) by extension 'colcon_meta'
[0.265s] [34mcolcon.colcon_core.package_identification[0m [1;30mLevel 1[0m _identify(workspace/navpilot_ws/src/hdmap_stack/mrt_cmake_modules) by extensions ['ros']
[0.265s] [34mcolcon.colcon_core.package_identification[0m [1;30mLevel 1[0m _identify(workspace/navpilot_ws/src/hdmap_stack/mrt_cmake_modules) by extension 'ros'
[0.265s] [34mcolcon.colcon_core.package_identification[0m [1;30mLevel 1[0m _identify(workspace/navpilot_ws/src/hdmap_stack/mrt_cmake_modules) by extensions ['cmake', 'python']
[0.265s] [34mcolcon.colcon_core.package_identification[0m [1;30mLevel 1[0m _identify(workspace/navpilot_ws/src/hdmap_stack/mrt_cmake_modules) by extension 'cmake'
[0.265s] [34mcolcon.colcon_core.package_identification[0m [1;30mLevel 1[0m _identify(workspace/navpilot_ws/src/hdmap_stack/mrt_cmake_modules) by extension 'python'
[0.265s] [34mcolcon.colcon_core.package_identification[0m [1;30mLevel 1[0m _identify(workspace/navpilot_ws/src/hdmap_stack/mrt_cmake_modules) by extensions ['python_setup_py']
[0.265s] [34mcolcon.colcon_core.package_identification[0m [1;30mLevel 1[0m _identify(workspace/navpilot_ws/src/hdmap_stack/mrt_cmake_modules) by extension 'python_setup_py'
[0.266s] [34mcolcon.colcon_core.package_identification[0m [1;30mLevel 1[0m _identify(workspace/navpilot_ws/src/hdmap_stack/polygon_ros) by extensions ['ignore', 'ignore_ament_install']
[0.266s] [34mcolcon.colcon_core.package_identification[0m [1;30mLevel 1[0m _identify(workspace/navpilot_ws/src/hdmap_stack/polygon_ros) by extension 'ignore'
[0.266s] [34mcolcon.colcon_core.package_identification[0m [1;30mLevel 1[0m _identify(workspace/navpilot_ws/src/hdmap_stack/polygon_ros) by extension 'ignore_ament_install'
[0.266s] [34mcolcon.colcon_core.package_identification[0m [1;30mLevel 1[0m _identify(workspace/navpilot_ws/src/hdmap_stack/polygon_ros) by extensions ['colcon_pkg']
[0.266s] [34mcolcon.colcon_core.package_identification[0m [1;30mLevel 1[0m _identify(workspace/navpilot_ws/src/hdmap_stack/polygon_ros) by extension 'colcon_pkg'
[0.266s] [34mcolcon.colcon_core.package_identification[0m [1;30mLevel 1[0m _identify(workspace/navpilot_ws/src/hdmap_stack/polygon_ros) by extensions ['colcon_meta']
[0.266s] [34mcolcon.colcon_core.package_identification[0m [1;30mLevel 1[0m _identify(workspace/navpilot_ws/src/hdmap_stack/polygon_ros) by extension 'colcon_meta'
[0.266s] [34mcolcon.colcon_core.package_identification[0m [1;30mLevel 1[0m _identify(workspace/navpilot_ws/src/hdmap_stack/polygon_ros) by extensions ['ros']
[0.266s] [34mcolcon.colcon_core.package_identification[0m [1;30mLevel 1[0m _identify(workspace/navpilot_ws/src/hdmap_stack/polygon_ros) by extension 'ros'
[0.266s] [34mcolcon.colcon_core.package_identification[0m [1;30mLevel 1[0m _identify(workspace/navpilot_ws/src/hdmap_stack/polygon_ros) by extensions ['cmake', 'python']
[0.266s] [34mcolcon.colcon_core.package_identification[0m [1;30mLevel 1[0m _identify(workspace/navpilot_ws/src/hdmap_stack/polygon_ros) by extension 'cmake'
[0.266s] [34mcolcon.colcon_core.package_identification[0m [1;30mLevel 1[0m _identify(workspace/navpilot_ws/src/hdmap_stack/polygon_ros) by extension 'python'
[0.266s] [34mcolcon.colcon_core.package_identification[0m [1;30mLevel 1[0m _identify(workspace/navpilot_ws/src/hdmap_stack/polygon_ros) by extensions ['python_setup_py']
[0.266s] [34mcolcon.colcon_core.package_identification[0m [1;30mLevel 1[0m _identify(workspace/navpilot_ws/src/hdmap_stack/polygon_ros) by extension 'python_setup_py'
[0.266s] [34mcolcon.colcon_core.package_identification[0m [1;30mLevel 1[0m _identify(workspace/navpilot_ws/src/hdmap_stack/polygon_ros/polygon_demos) by extensions ['ignore', 'ignore_ament_install']
[0.266s] [34mcolcon.colcon_core.package_identification[0m [1;30mLevel 1[0m _identify(workspace/navpilot_ws/src/hdmap_stack/polygon_ros/polygon_demos) by extension 'ignore'
[0.266s] [34mcolcon.colcon_core.package_identification[0m [1;30mLevel 1[0m _identify(workspace/navpilot_ws/src/hdmap_stack/polygon_ros/polygon_demos) by extension 'ignore_ament_install'
[0.266s] [34mcolcon.colcon_core.package_identification[0m [1;30mLevel 1[0m _identify(workspace/navpilot_ws/src/hdmap_stack/polygon_ros/polygon_demos) by extensions ['colcon_pkg']
[0.266s] [34mcolcon.colcon_core.package_identification[0m [1;30mLevel 1[0m _identify(workspace/navpilot_ws/src/hdmap_stack/polygon_ros/polygon_demos) by extension 'colcon_pkg'
[0.267s] [34mcolcon.colcon_core.package_identification[0m [1;30mLevel 1[0m _identify(workspace/navpilot_ws/src/hdmap_stack/polygon_ros/polygon_demos) by extensions ['colcon_meta']
[0.267s] [34mcolcon.colcon_core.package_identification[0m [1;30mLevel 1[0m _identify(workspace/navpilot_ws/src/hdmap_stack/polygon_ros/polygon_demos) by extension 'colcon_meta'
[0.267s] [34mcolcon.colcon_core.package_identification[0m [1;30mLevel 1[0m _identify(workspace/navpilot_ws/src/hdmap_stack/polygon_ros/polygon_demos) by extensions ['ros']
[0.267s] [34mcolcon.colcon_core.package_identification[0m [1;30mLevel 1[0m _identify(workspace/navpilot_ws/src/hdmap_stack/polygon_ros/polygon_demos) by extension 'ros'
[0.268s] [34mcolcon.colcon_core.package_identification[0m [1;30mDEBUG[0m [32mPackage 'workspace/navpilot_ws/src/hdmap_stack/polygon_ros/polygon_demos' with type 'ros.ament_cmake' and name 'polygon_demos'[0m
[0.268s] [34mcolcon.colcon_core.package_identification[0m [1;30mLevel 1[0m _identify(workspace/navpilot_ws/src/hdmap_stack/polygon_ros/polygon_msgs) by extensions ['ignore', 'ignore_ament_install']
[0.268s] [34mcolcon.colcon_core.package_identification[0m [1;30mLevel 1[0m _identify(workspace/navpilot_ws/src/hdmap_stack/polygon_ros/polygon_msgs) by extension 'ignore'
[0.268s] [34mcolcon.colcon_core.package_identification[0m [1;30mLevel 1[0m _identify(workspace/navpilot_ws/src/hdmap_stack/polygon_ros/polygon_msgs) by extension 'ignore_ament_install'
[0.268s] [34mcolcon.colcon_core.package_identification[0m [1;30mLevel 1[0m _identify(workspace/navpilot_ws/src/hdmap_stack/polygon_ros/polygon_msgs) by extensions ['colcon_pkg']
[0.268s] [34mcolcon.colcon_core.package_identification[0m [1;30mLevel 1[0m _identify(workspace/navpilot_ws/src/hdmap_stack/polygon_ros/polygon_msgs) by extension 'colcon_pkg'
[0.268s] [34mcolcon.colcon_core.package_identification[0m [1;30mLevel 1[0m _identify(workspace/navpilot_ws/src/hdmap_stack/polygon_ros/polygon_msgs) by extensions ['colcon_meta']
[0.268s] [34mcolcon.colcon_core.package_identification[0m [1;30mLevel 1[0m _identify(workspace/navpilot_ws/src/hdmap_stack/polygon_ros/polygon_msgs) by extension 'colcon_meta'
[0.268s] [34mcolcon.colcon_core.package_identification[0m [1;30mLevel 1[0m _identify(workspace/navpilot_ws/src/hdmap_stack/polygon_ros/polygon_msgs) by extensions ['ros']
[0.268s] [34mcolcon.colcon_core.package_identification[0m [1;30mLevel 1[0m _identify(workspace/navpilot_ws/src/hdmap_stack/polygon_ros/polygon_msgs) by extension 'ros'
[0.269s] [34mcolcon.colcon_core.package_identification[0m [1;30mDEBUG[0m [32mPackage 'workspace/navpilot_ws/src/hdmap_stack/polygon_ros/polygon_msgs' with type 'ros.ament_cmake' and name 'polygon_msgs'[0m
[0.269s] [34mcolcon.colcon_core.package_identification[0m [1;30mLevel 1[0m _identify(workspace/navpilot_ws/src/hdmap_stack/polygon_ros/polygon_rviz_plugins) by extensions ['ignore', 'ignore_ament_install']
[0.269s] [34mcolcon.colcon_core.package_identification[0m [1;30mLevel 1[0m _identify(workspace/navpilot_ws/src/hdmap_stack/polygon_ros/polygon_rviz_plugins) by extension 'ignore'
[0.269s] [34mcolcon.colcon_core.package_identification[0m [1;30mLevel 1[0m _identify(workspace/navpilot_ws/src/hdmap_stack/polygon_ros/polygon_rviz_plugins) by extension 'ignore_ament_install'
[0.269s] [34mcolcon.colcon_core.package_identification[0m [1;30mLevel 1[0m _identify(workspace/navpilot_ws/src/hdmap_stack/polygon_ros/polygon_rviz_plugins) by extensions ['colcon_pkg']
[0.269s] [34mcolcon.colcon_core.package_identification[0m [1;30mLevel 1[0m _identify(workspace/navpilot_ws/src/hdmap_stack/polygon_ros/polygon_rviz_plugins) by extension 'colcon_pkg'
[0.269s] [34mcolcon.colcon_core.package_identification[0m [1;30mLevel 1[0m _identify(workspace/navpilot_ws/src/hdmap_stack/polygon_ros/polygon_rviz_plugins) by extensions ['colcon_meta']
[0.269s] [34mcolcon.colcon_core.package_identification[0m [1;30mLevel 1[0m _identify(workspace/navpilot_ws/src/hdmap_stack/polygon_ros/polygon_rviz_plugins) by extension 'colcon_meta'
[0.269s] [34mcolcon.colcon_core.package_identification[0m [1;30mLevel 1[0m _identify(workspace/navpilot_ws/src/hdmap_stack/polygon_ros/polygon_rviz_plugins) by extensions ['ros']
[0.269s] [34mcolcon.colcon_core.package_identification[0m [1;30mLevel 1[0m _identify(workspace/navpilot_ws/src/hdmap_stack/polygon_ros/polygon_rviz_plugins) by extension 'ros'
[0.271s] [34mcolcon.colcon_core.package_identification[0m [1;30mDEBUG[0m [32mPackage 'workspace/navpilot_ws/src/hdmap_stack/polygon_ros/polygon_rviz_plugins' with type 'ros.ament_cmake' and name 'polygon_rviz_plugins'[0m
[0.271s] [34mcolcon.colcon_core.package_identification[0m [1;30mLevel 1[0m _identify(workspace/navpilot_ws/src/hdmap_stack/polygon_ros/polygon_utils) by extensions ['ignore', 'ignore_ament_install']
[0.271s] [34mcolcon.colcon_core.package_identification[0m [1;30mLevel 1[0m _identify(workspace/navpilot_ws/src/hdmap_stack/polygon_ros/polygon_utils) by extension 'ignore'
[0.271s] [34mcolcon.colcon_core.package_identification[0m [1;30mLevel 1[0m _identify(workspace/navpilot_ws/src/hdmap_stack/polygon_ros/polygon_utils) by extension 'ignore_ament_install'
[0.271s] [34mcolcon.colcon_core.package_identification[0m [1;30mLevel 1[0m _identify(workspace/navpilot_ws/src/hdmap_stack/polygon_ros/polygon_utils) by extensions ['colcon_pkg']
[0.271s] [34mcolcon.colcon_core.package_identification[0m [1;30mLevel 1[0m _identify(workspace/navpilot_ws/src/hdmap_stack/polygon_ros/polygon_utils) by extension 'colcon_pkg'
[0.271s] [34mcolcon.colcon_core.package_identification[0m [1;30mLevel 1[0m _identify(workspace/navpilot_ws/src/hdmap_stack/polygon_ros/polygon_utils) by extensions ['colcon_meta']
[0.271s] [34mcolcon.colcon_core.package_identification[0m [1;30mLevel 1[0m _identify(workspace/navpilot_ws/src/hdmap_stack/polygon_ros/polygon_utils) by extension 'colcon_meta'
[0.271s] [34mcolcon.colcon_core.package_identification[0m [1;30mLevel 1[0m _identify(workspace/navpilot_ws/src/hdmap_stack/polygon_ros/polygon_utils) by extensions ['ros']
[0.271s] [34mcolcon.colcon_core.package_identification[0m [1;30mLevel 1[0m _identify(workspace/navpilot_ws/src/hdmap_stack/polygon_ros/polygon_utils) by extension 'ros'
[0.272s] [34mcolcon.colcon_core.package_identification[0m [1;30mDEBUG[0m [32mPackage 'workspace/navpilot_ws/src/hdmap_stack/polygon_ros/polygon_utils' with type 'ros.ament_cmake' and name 'polygon_utils'[0m
[0.272s] [34mcolcon.colcon_core.package_identification[0m [1;30mLevel 1[0m _identify(workspace/navpilot_ws/src/hdmap_stack/traffic_information_msgs) by extensions ['ignore', 'ignore_ament_install']
[0.272s] [34mcolcon.colcon_core.package_identification[0m [1;30mLevel 1[0m _identify(workspace/navpilot_ws/src/hdmap_stack/traffic_information_msgs) by extension 'ignore'
[0.272s] [34mcolcon.colcon_core.package_identification[0m [1;30mLevel 1[0m _identify(workspace/navpilot_ws/src/hdmap_stack/traffic_information_msgs) by extension 'ignore_ament_install'
[0.272s] [34mcolcon.colcon_core.package_identification[0m [1;30mLevel 1[0m _identify(workspace/navpilot_ws/src/hdmap_stack/traffic_information_msgs) by extensions ['colcon_pkg']
[0.272s] [34mcolcon.colcon_core.package_identification[0m [1;30mLevel 1[0m _identify(workspace/navpilot_ws/src/hdmap_stack/traffic_information_msgs) by extension 'colcon_pkg'
[0.272s] [34mcolcon.colcon_core.package_identification[0m [1;30mLevel 1[0m _identify(workspace/navpilot_ws/src/hdmap_stack/traffic_information_msgs) by extensions ['colcon_meta']
[0.272s] [34mcolcon.colcon_core.package_identification[0m [1;30mLevel 1[0m _identify(workspace/navpilot_ws/src/hdmap_stack/traffic_information_msgs) by extension 'colcon_meta'
[0.273s] [34mcolcon.colcon_core.package_identification[0m [1;30mLevel 1[0m _identify(workspace/navpilot_ws/src/hdmap_stack/traffic_information_msgs) by extensions ['ros']
[0.273s] [34mcolcon.colcon_core.package_identification[0m [1;30mLevel 1[0m _identify(workspace/navpilot_ws/src/hdmap_stack/traffic_information_msgs) by extension 'ros'
[0.273s] [34mcolcon.colcon_core.package_identification[0m [1;30mDEBUG[0m [32mPackage 'workspace/navpilot_ws/src/hdmap_stack/traffic_information_msgs' with type 'ros.ament_cmake' and name 'traffic_information_msgs'[0m
[0.273s] [34mcolcon.colcon_core.package_identification[0m [1;30mLevel 1[0m _identify(workspace/navpilot_ws/src/hdmap_stack/waypoints_routing) by extensions ['ignore', 'ignore_ament_install']
[0.273s] [34mcolcon.colcon_core.package_identification[0m [1;30mLevel 1[0m _identify(workspace/navpilot_ws/src/hdmap_stack/waypoints_routing) by extension 'ignore'
[0.274s] [34mcolcon.colcon_core.package_identification[0m [1;30mLevel 1[0m _identify(workspace/navpilot_ws/src/hdmap_stack/waypoints_routing) by extension 'ignore_ament_install'
[0.274s] [34mcolcon.colcon_core.package_identification[0m [1;30mLevel 1[0m _identify(workspace/navpilot_ws/src/hdmap_stack/waypoints_routing) by extensions ['colcon_pkg']
[0.274s] [34mcolcon.colcon_core.package_identification[0m [1;30mLevel 1[0m _identify(workspace/navpilot_ws/src/hdmap_stack/waypoints_routing) by extension 'colcon_pkg'
[0.274s] [34mcolcon.colcon_core.package_identification[0m [1;30mLevel 1[0m _identify(workspace/navpilot_ws/src/hdmap_stack/waypoints_routing) by extensions ['colcon_meta']
[0.274s] [34mcolcon.colcon_core.package_identification[0m [1;30mLevel 1[0m _identify(workspace/navpilot_ws/src/hdmap_stack/waypoints_routing) by extension 'colcon_meta'
[0.274s] [34mcolcon.colcon_core.package_identification[0m [1;30mLevel 1[0m _identify(workspace/navpilot_ws/src/hdmap_stack/waypoints_routing) by extensions ['ros']
[0.274s] [34mcolcon.colcon_core.package_identification[0m [1;30mLevel 1[0m _identify(workspace/navpilot_ws/src/hdmap_stack/waypoints_routing) by extension 'ros'
[0.274s] [34mcolcon.colcon_core.package_identification[0m [1;30mDEBUG[0m [32mPackage 'workspace/navpilot_ws/src/hdmap_stack/waypoints_routing' with type 'ros.ament_cmake' and name 'waypoints_routing'[0m
[0.274s] [34mcolcon.colcon_core.package_identification[0m [1;30mLevel 1[0m _identify(workspace/navpilot_ws/src/lidar_modules) by extensions ['ignore', 'ignore_ament_install']
[0.275s] [34mcolcon.colcon_core.package_identification[0m [1;30mLevel 1[0m _identify(workspace/navpilot_ws/src/lidar_modules) by extension 'ignore'
[0.275s] [34mcolcon.colcon_core.package_identification[0m [1;30mLevel 1[0m _identify(workspace/navpilot_ws/src/lidar_modules) by extension 'ignore_ament_install'
[0.275s] [34mcolcon.colcon_core.package_identification[0m [1;30mLevel 1[0m _identify(workspace/navpilot_ws/src/lidar_modules) by extensions ['colcon_pkg']
[0.275s] [34mcolcon.colcon_core.package_identification[0m [1;30mLevel 1[0m _identify(workspace/navpilot_ws/src/lidar_modules) by extension 'colcon_pkg'
[0.275s] [34mcolcon.colcon_core.package_identification[0m [1;30mLevel 1[0m _identify(workspace/navpilot_ws/src/lidar_modules) by extensions ['colcon_meta']
[0.275s] [34mcolcon.colcon_core.package_identification[0m [1;30mLevel 1[0m _identify(workspace/navpilot_ws/src/lidar_modules) by extension 'colcon_meta'
[0.275s] [34mcolcon.colcon_core.package_identification[0m [1;30mLevel 1[0m _identify(workspace/navpilot_ws/src/lidar_modules) by extensions ['ros']
[0.275s] [34mcolcon.colcon_core.package_identification[0m [1;30mLevel 1[0m _identify(workspace/navpilot_ws/src/lidar_modules) by extension 'ros'
[0.275s] [34mcolcon.colcon_core.package_identification[0m [1;30mLevel 1[0m _identify(workspace/navpilot_ws/src/lidar_modules) by extensions ['cmake', 'python']
[0.275s] [34mcolcon.colcon_core.package_identification[0m [1;30mLevel 1[0m _identify(workspace/navpilot_ws/src/lidar_modules) by extension 'cmake'
[0.275s] [34mcolcon.colcon_core.package_identification[0m [1;30mLevel 1[0m _identify(workspace/navpilot_ws/src/lidar_modules) by extension 'python'
[0.275s] [34mcolcon.colcon_core.package_identification[0m [1;30mLevel 1[0m _identify(workspace/navpilot_ws/src/lidar_modules) by extensions ['python_setup_py']
[0.275s] [34mcolcon.colcon_core.package_identification[0m [1;30mLevel 1[0m _identify(workspace/navpilot_ws/src/lidar_modules) by extension 'python_setup_py'
[0.275s] [34mcolcon.colcon_core.package_identification[0m [1;30mLevel 1[0m _identify(workspace/navpilot_ws/src/lidar_modules/launch) by extensions ['ignore', 'ignore_ament_install']
[0.275s] [34mcolcon.colcon_core.package_identification[0m [1;30mLevel 1[0m _identify(workspace/navpilot_ws/src/lidar_modules/launch) by extension 'ignore'
[0.275s] [34mcolcon.colcon_core.package_identification[0m [1;30mLevel 1[0m _identify(workspace/navpilot_ws/src/lidar_modules/launch) by extension 'ignore_ament_install'
[0.275s] [34mcolcon.colcon_core.package_identification[0m [1;30mLevel 1[0m _identify(workspace/navpilot_ws/src/lidar_modules/launch) by extensions ['colcon_pkg']
[0.275s] [34mcolcon.colcon_core.package_identification[0m [1;30mLevel 1[0m _identify(workspace/navpilot_ws/src/lidar_modules/launch) by extension 'colcon_pkg'
[0.275s] [34mcolcon.colcon_core.package_identification[0m [1;30mLevel 1[0m _identify(workspace/navpilot_ws/src/lidar_modules/launch) by extensions ['colcon_meta']
[0.275s] [34mcolcon.colcon_core.package_identification[0m [1;30mLevel 1[0m _identify(workspace/navpilot_ws/src/lidar_modules/launch) by extension 'colcon_meta'
[0.275s] [34mcolcon.colcon_core.package_identification[0m [1;30mLevel 1[0m _identify(workspace/navpilot_ws/src/lidar_modules/launch) by extensions ['ros']
[0.275s] [34mcolcon.colcon_core.package_identification[0m [1;30mLevel 1[0m _identify(workspace/navpilot_ws/src/lidar_modules/launch) by extension 'ros'
[0.276s] [34mcolcon.colcon_core.package_identification[0m [1;30mLevel 1[0m _identify(workspace/navpilot_ws/src/lidar_modules/launch) by extensions ['cmake', 'python']
[0.276s] [34mcolcon.colcon_core.package_identification[0m [1;30mLevel 1[0m _identify(workspace/navpilot_ws/src/lidar_modules/launch) by extension 'cmake'
[0.276s] [34mcolcon.colcon_core.package_identification[0m [1;30mLevel 1[0m _identify(workspace/navpilot_ws/src/lidar_modules/launch) by extension 'python'
[0.276s] [34mcolcon.colcon_core.package_identification[0m [1;30mLevel 1[0m _identify(workspace/navpilot_ws/src/lidar_modules/launch) by extensions ['python_setup_py']
[0.276s] [34mcolcon.colcon_core.package_identification[0m [1;30mLevel 1[0m _identify(workspace/navpilot_ws/src/lidar_modules/launch) by extension 'python_setup_py'
[0.276s] [34mcolcon.colcon_core.package_identification[0m [1;30mLevel 1[0m _identify(workspace/navpilot_ws/src/lidar_modules/launch/__pycache__) by extensions ['ignore', 'ignore_ament_install']
[0.276s] [34mcolcon.colcon_core.package_identification[0m [1;30mLevel 1[0m _identify(workspace/navpilot_ws/src/lidar_modules/launch/__pycache__) by extension 'ignore'
[0.276s] [34mcolcon.colcon_core.package_identification[0m [1;30mLevel 1[0m _identify(workspace/navpilot_ws/src/lidar_modules/launch/__pycache__) by extension 'ignore_ament_install'
[0.276s] [34mcolcon.colcon_core.package_identification[0m [1;30mLevel 1[0m _identify(workspace/navpilot_ws/src/lidar_modules/launch/__pycache__) by extensions ['colcon_pkg']
[0.276s] [34mcolcon.colcon_core.package_identification[0m [1;30mLevel 1[0m _identify(workspace/navpilot_ws/src/lidar_modules/launch/__pycache__) by extension 'colcon_pkg'
[0.276s] [34mcolcon.colcon_core.package_identification[0m [1;30mLevel 1[0m _identify(workspace/navpilot_ws/src/lidar_modules/launch/__pycache__) by extensions ['colcon_meta']
[0.276s] [34mcolcon.colcon_core.package_identification[0m [1;30mLevel 1[0m _identify(workspace/navpilot_ws/src/lidar_modules/launch/__pycache__) by extension 'colcon_meta'
[0.276s] [34mcolcon.colcon_core.package_identification[0m [1;30mLevel 1[0m _identify(workspace/navpilot_ws/src/lidar_modules/launch/__pycache__) by extensions ['ros']
[0.276s] [34mcolcon.colcon_core.package_identification[0m [1;30mLevel 1[0m _identify(workspace/navpilot_ws/src/lidar_modules/launch/__pycache__) by extension 'ros'
[0.276s] [34mcolcon.colcon_core.package_identification[0m [1;30mLevel 1[0m _identify(workspace/navpilot_ws/src/lidar_modules/launch/__pycache__) by extensions ['cmake', 'python']
[0.276s] [34mcolcon.colcon_core.package_identification[0m [1;30mLevel 1[0m _identify(workspace/navpilot_ws/src/lidar_modules/launch/__pycache__) by extension 'cmake'
[0.276s] [34mcolcon.colcon_core.package_identification[0m [1;30mLevel 1[0m _identify(workspace/navpilot_ws/src/lidar_modules/launch/__pycache__) by extension 'python'
[0.276s] [34mcolcon.colcon_core.package_identification[0m [1;30mLevel 1[0m _identify(workspace/navpilot_ws/src/lidar_modules/launch/__pycache__) by extensions ['python_setup_py']
[0.276s] [34mcolcon.colcon_core.package_identification[0m [1;30mLevel 1[0m _identify(workspace/navpilot_ws/src/lidar_modules/launch/__pycache__) by extension 'python_setup_py'
[0.276s] [34mcolcon.colcon_core.package_identification[0m [1;30mLevel 1[0m _identify(workspace/navpilot_ws/src/lidar_modules/pointcloud_clustering) by extensions ['ignore', 'ignore_ament_install']
[0.276s] [34mcolcon.colcon_core.package_identification[0m [1;30mLevel 1[0m _identify(workspace/navpilot_ws/src/lidar_modules/pointcloud_clustering) by extension 'ignore'
[0.276s] [34mcolcon.colcon_core.package_identification[0m [1;30mLevel 1[0m _identify(workspace/navpilot_ws/src/lidar_modules/pointcloud_clustering) by extension 'ignore_ament_install'
[0.277s] [34mcolcon.colcon_core.package_identification[0m [1;30mLevel 1[0m _identify(workspace/navpilot_ws/src/lidar_modules/pointcloud_clustering) by extensions ['colcon_pkg']
[0.277s] [34mcolcon.colcon_core.package_identification[0m [1;30mLevel 1[0m _identify(workspace/navpilot_ws/src/lidar_modules/pointcloud_clustering) by extension 'colcon_pkg'
[0.277s] [34mcolcon.colcon_core.package_identification[0m [1;30mLevel 1[0m _identify(workspace/navpilot_ws/src/lidar_modules/pointcloud_clustering) by extensions ['colcon_meta']
[0.277s] [34mcolcon.colcon_core.package_identification[0m [1;30mLevel 1[0m _identify(workspace/navpilot_ws/src/lidar_modules/pointcloud_clustering) by extension 'colcon_meta'
[0.277s] [34mcolcon.colcon_core.package_identification[0m [1;30mLevel 1[0m _identify(workspace/navpilot_ws/src/lidar_modules/pointcloud_clustering) by extensions ['ros']
[0.277s] [34mcolcon.colcon_core.package_identification[0m [1;30mLevel 1[0m _identify(workspace/navpilot_ws/src/lidar_modules/pointcloud_clustering) by extension 'ros'
[0.277s] [34mcolcon.colcon_core.package_identification[0m [1;30mDEBUG[0m [32mPackage 'workspace/navpilot_ws/src/lidar_modules/pointcloud_clustering' with type 'ros.ament_cmake' and name 'pointcloud_clustering'[0m
[0.277s] [34mcolcon.colcon_core.package_identification[0m [1;30mLevel 1[0m _identify(workspace/navpilot_ws/src/lidar_modules/pointcloud_rotation) by extensions ['ignore', 'ignore_ament_install']
[0.277s] [34mcolcon.colcon_core.package_identification[0m [1;30mLevel 1[0m _identify(workspace/navpilot_ws/src/lidar_modules/pointcloud_rotation) by extension 'ignore'
[0.277s] [34mcolcon.colcon_core.package_identification[0m [1;30mLevel 1[0m _identify(workspace/navpilot_ws/src/lidar_modules/pointcloud_rotation) by extension 'ignore_ament_install'
[0.277s] [34mcolcon.colcon_core.package_identification[0m [1;30mLevel 1[0m _identify(workspace/navpilot_ws/src/lidar_modules/pointcloud_rotation) by extensions ['colcon_pkg']
[0.277s] [34mcolcon.colcon_core.package_identification[0m [1;30mLevel 1[0m _identify(workspace/navpilot_ws/src/lidar_modules/pointcloud_rotation) by extension 'colcon_pkg'
[0.278s] [34mcolcon.colcon_core.package_identification[0m [1;30mLevel 1[0m _identify(workspace/navpilot_ws/src/lidar_modules/pointcloud_rotation) by extensions ['colcon_meta']
[0.278s] [34mcolcon.colcon_core.package_identification[0m [1;30mLevel 1[0m _identify(workspace/navpilot_ws/src/lidar_modules/pointcloud_rotation) by extension 'colcon_meta'
[0.278s] [34mcolcon.colcon_core.package_identification[0m [1;30mLevel 1[0m _identify(workspace/navpilot_ws/src/lidar_modules/pointcloud_rotation) by extensions ['ros']
[0.278s] [34mcolcon.colcon_core.package_identification[0m [1;30mLevel 1[0m _identify(workspace/navpilot_ws/src/lidar_modules/pointcloud_rotation) by extension 'ros'
[0.278s] [34mcolcon.colcon_core.package_identification[0m [1;30mDEBUG[0m [32mPackage 'workspace/navpilot_ws/src/lidar_modules/pointcloud_rotation' with type 'ros.ament_cmake' and name 'pointcloud_rotation'[0m
[0.278s] [34mcolcon.colcon_core.package_identification[0m [1;30mLevel 1[0m _identify(workspace/navpilot_ws/src/localization_modules) by extensions ['ignore', 'ignore_ament_install']
[0.278s] [34mcolcon.colcon_core.package_identification[0m [1;30mLevel 1[0m _identify(workspace/navpilot_ws/src/localization_modules) by extension 'ignore'
[0.278s] [34mcolcon.colcon_core.package_identification[0m [1;30mLevel 1[0m _identify(workspace/navpilot_ws/src/localization_modules) by extension 'ignore_ament_install'
[0.278s] [34mcolcon.colcon_core.package_identification[0m [1;30mLevel 1[0m _identify(workspace/navpilot_ws/src/localization_modules) by extensions ['colcon_pkg']
[0.278s] [34mcolcon.colcon_core.package_identification[0m [1;30mLevel 1[0m _identify(workspace/navpilot_ws/src/localization_modules) by extension 'colcon_pkg'
[0.278s] [34mcolcon.colcon_core.package_identification[0m [1;30mLevel 1[0m _identify(workspace/navpilot_ws/src/localization_modules) by extensions ['colcon_meta']
[0.278s] [34mcolcon.colcon_core.package_identification[0m [1;30mLevel 1[0m _identify(workspace/navpilot_ws/src/localization_modules) by extension 'colcon_meta'
[0.278s] [34mcolcon.colcon_core.package_identification[0m [1;30mLevel 1[0m _identify(workspace/navpilot_ws/src/localization_modules) by extensions ['ros']
[0.278s] [34mcolcon.colcon_core.package_identification[0m [1;30mLevel 1[0m _identify(workspace/navpilot_ws/src/localization_modules) by extension 'ros'
[0.279s] [34mcolcon.colcon_core.package_identification[0m [1;30mLevel 1[0m _identify(workspace/navpilot_ws/src/localization_modules) by extensions ['cmake', 'python']
[0.279s] [34mcolcon.colcon_core.package_identification[0m [1;30mLevel 1[0m _identify(workspace/navpilot_ws/src/localization_modules) by extension 'cmake'
[0.279s] [34mcolcon.colcon_core.package_identification[0m [1;30mLevel 1[0m _identify(workspace/navpilot_ws/src/localization_modules) by extension 'python'
[0.279s] [34mcolcon.colcon_core.package_identification[0m [1;30mLevel 1[0m _identify(workspace/navpilot_ws/src/localization_modules) by extensions ['python_setup_py']
[0.279s] [34mcolcon.colcon_core.package_identification[0m [1;30mLevel 1[0m _identify(workspace/navpilot_ws/src/localization_modules) by extension 'python_setup_py'
[0.279s] [34mcolcon.colcon_core.package_identification[0m [1;30mLevel 1[0m _identify(workspace/navpilot_ws/src/localization_modules/launch) by extensions ['ignore', 'ignore_ament_install']
[0.279s] [34mcolcon.colcon_core.package_identification[0m [1;30mLevel 1[0m _identify(workspace/navpilot_ws/src/localization_modules/launch) by extension 'ignore'
[0.279s] [34mcolcon.colcon_core.package_identification[0m [1;30mLevel 1[0m _identify(workspace/navpilot_ws/src/localization_modules/launch) by extension 'ignore_ament_install'
[0.279s] [34mcolcon.colcon_core.package_identification[0m [1;30mLevel 1[0m _identify(workspace/navpilot_ws/src/localization_modules/launch) by extensions ['colcon_pkg']
[0.279s] [34mcolcon.colcon_core.package_identification[0m [1;30mLevel 1[0m _identify(workspace/navpilot_ws/src/localization_modules/launch) by extension 'colcon_pkg'
[0.279s] [34mcolcon.colcon_core.package_identification[0m [1;30mLevel 1[0m _identify(workspace/navpilot_ws/src/localization_modules/launch) by extensions ['colcon_meta']
[0.279s] [34mcolcon.colcon_core.package_identification[0m [1;30mLevel 1[0m _identify(workspace/navpilot_ws/src/localization_modules/launch) by extension 'colcon_meta'
[0.279s] [34mcolcon.colcon_core.package_identification[0m [1;30mLevel 1[0m _identify(workspace/navpilot_ws/src/localization_modules/launch) by extensions ['ros']
[0.279s] [34mcolcon.colcon_core.package_identification[0m [1;30mLevel 1[0m _identify(workspace/navpilot_ws/src/localization_modules/launch) by extension 'ros'
[0.279s] [34mcolcon.colcon_core.package_identification[0m [1;30mLevel 1[0m _identify(workspace/navpilot_ws/src/localization_modules/launch) by extensions ['cmake', 'python']
[0.279s] [34mcolcon.colcon_core.package_identification[0m [1;30mLevel 1[0m _identify(workspace/navpilot_ws/src/localization_modules/launch) by extension 'cmake'
[0.279s] [34mcolcon.colcon_core.package_identification[0m [1;30mLevel 1[0m _identify(workspace/navpilot_ws/src/localization_modules/launch) by extension 'python'
[0.279s] [34mcolcon.colcon_core.package_identification[0m [1;30mLevel 1[0m _identify(workspace/navpilot_ws/src/localization_modules/launch) by extensions ['python_setup_py']
[0.279s] [34mcolcon.colcon_core.package_identification[0m [1;30mLevel 1[0m _identify(workspace/navpilot_ws/src/localization_modules/launch) by extension 'python_setup_py'
[0.279s] [34mcolcon.colcon_core.package_identification[0m [1;30mLevel 1[0m _identify(workspace/navpilot_ws/src/localization_modules/launch/__pycache__) by extensions ['ignore', 'ignore_ament_install']
[0.279s] [34mcolcon.colcon_core.package_identification[0m [1;30mLevel 1[0m _identify(workspace/navpilot_ws/src/localization_modules/launch/__pycache__) by extension 'ignore'
[0.279s] [34mcolcon.colcon_core.package_identification[0m [1;30mLevel 1[0m _identify(workspace/navpilot_ws/src/localization_modules/launch/__pycache__) by extension 'ignore_ament_install'
[0.279s] [34mcolcon.colcon_core.package_identification[0m [1;30mLevel 1[0m _identify(workspace/navpilot_ws/src/localization_modules/launch/__pycache__) by extensions ['colcon_pkg']
[0.279s] [34mcolcon.colcon_core.package_identification[0m [1;30mLevel 1[0m _identify(workspace/navpilot_ws/src/localization_modules/launch/__pycache__) by extension 'colcon_pkg'
[0.280s] [34mcolcon.colcon_core.package_identification[0m [1;30mLevel 1[0m _identify(workspace/navpilot_ws/src/localization_modules/launch/__pycache__) by extensions ['colcon_meta']
[0.280s] [34mcolcon.colcon_core.package_identification[0m [1;30mLevel 1[0m _identify(workspace/navpilot_ws/src/localization_modules/launch/__pycache__) by extension 'colcon_meta'
[0.280s] [34mcolcon.colcon_core.package_identification[0m [1;30mLevel 1[0m _identify(workspace/navpilot_ws/src/localization_modules/launch/__pycache__) by extensions ['ros']
[0.280s] [34mcolcon.colcon_core.package_identification[0m [1;30mLevel 1[0m _identify(workspace/navpilot_ws/src/localization_modules/launch/__pycache__) by extension 'ros'
[0.280s] [34mcolcon.colcon_core.package_identification[0m [1;30mLevel 1[0m _identify(workspace/navpilot_ws/src/localization_modules/launch/__pycache__) by extensions ['cmake', 'python']
[0.280s] [34mcolcon.colcon_core.package_identification[0m [1;30mLevel 1[0m _identify(workspace/navpilot_ws/src/localization_modules/launch/__pycache__) by extension 'cmake'
[0.280s] [34mcolcon.colcon_core.package_identification[0m [1;30mLevel 1[0m _identify(workspace/navpilot_ws/src/localization_modules/launch/__pycache__) by extension 'python'
[0.280s] [34mcolcon.colcon_core.package_identification[0m [1;30mLevel 1[0m _identify(workspace/navpilot_ws/src/localization_modules/launch/__pycache__) by extensions ['python_setup_py']
[0.280s] [34mcolcon.colcon_core.package_identification[0m [1;30mLevel 1[0m _identify(workspace/navpilot_ws/src/localization_modules/launch/__pycache__) by extension 'python_setup_py'
[0.280s] [34mcolcon.colcon_core.package_identification[0m [1;30mLevel 1[0m _identify(workspace/navpilot_ws/src/mapping_modules) by extensions ['ignore', 'ignore_ament_install']
[0.280s] [34mcolcon.colcon_core.package_identification[0m [1;30mLevel 1[0m _identify(workspace/navpilot_ws/src/mapping_modules) by extension 'ignore'
[0.280s] [34mcolcon.colcon_core.package_identification[0m [1;30mLevel 1[0m _identify(workspace/navpilot_ws/src/mapping_modules) by extension 'ignore_ament_install'
[0.280s] [34mcolcon.colcon_core.package_identification[0m [1;30mLevel 1[0m _identify(workspace/navpilot_ws/src/mapping_modules) by extensions ['colcon_pkg']
[0.280s] [34mcolcon.colcon_core.package_identification[0m [1;30mLevel 1[0m _identify(workspace/navpilot_ws/src/mapping_modules) by extension 'colcon_pkg'
[0.280s] [34mcolcon.colcon_core.package_identification[0m [1;30mLevel 1[0m _identify(workspace/navpilot_ws/src/mapping_modules) by extensions ['colcon_meta']
[0.280s] [34mcolcon.colcon_core.package_identification[0m [1;30mLevel 1[0m _identify(workspace/navpilot_ws/src/mapping_modules) by extension 'colcon_meta'
[0.280s] [34mcolcon.colcon_core.package_identification[0m [1;30mLevel 1[0m _identify(workspace/navpilot_ws/src/mapping_modules) by extensions ['ros']
[0.280s] [34mcolcon.colcon_core.package_identification[0m [1;30mLevel 1[0m _identify(workspace/navpilot_ws/src/mapping_modules) by extension 'ros'
[0.280s] [34mcolcon.colcon_core.package_identification[0m [1;30mLevel 1[0m _identify(workspace/navpilot_ws/src/mapping_modules) by extensions ['cmake', 'python']
[0.280s] [34mcolcon.colcon_core.package_identification[0m [1;30mLevel 1[0m _identify(workspace/navpilot_ws/src/mapping_modules) by extension 'cmake'
[0.280s] [34mcolcon.colcon_core.package_identification[0m [1;30mLevel 1[0m _identify(workspace/navpilot_ws/src/mapping_modules) by extension 'python'
[0.280s] [34mcolcon.colcon_core.package_identification[0m [1;30mLevel 1[0m _identify(workspace/navpilot_ws/src/mapping_modules) by extensions ['python_setup_py']
[0.280s] [34mcolcon.colcon_core.package_identification[0m [1;30mLevel 1[0m _identify(workspace/navpilot_ws/src/mapping_modules) by extension 'python_setup_py'
[0.281s] [34mcolcon.colcon_core.package_identification[0m [1;30mLevel 1[0m _identify(workspace/navpilot_ws/src/mapping_modules/launcher) by extensions ['ignore', 'ignore_ament_install']
[0.281s] [34mcolcon.colcon_core.package_identification[0m [1;30mLevel 1[0m _identify(workspace/navpilot_ws/src/mapping_modules/launcher) by extension 'ignore'
[0.281s] [34mcolcon.colcon_core.package_identification[0m [1;30mLevel 1[0m _identify(workspace/navpilot_ws/src/mapping_modules/launcher) by extension 'ignore_ament_install'
[0.281s] [34mcolcon.colcon_core.package_identification[0m [1;30mLevel 1[0m _identify(workspace/navpilot_ws/src/mapping_modules/launcher) by extensions ['colcon_pkg']
[0.281s] [34mcolcon.colcon_core.package_identification[0m [1;30mLevel 1[0m _identify(workspace/navpilot_ws/src/mapping_modules/launcher) by extension 'colcon_pkg'
[0.281s] [34mcolcon.colcon_core.package_identification[0m [1;30mLevel 1[0m _identify(workspace/navpilot_ws/src/mapping_modules/launcher) by extensions ['colcon_meta']
[0.281s] [34mcolcon.colcon_core.package_identification[0m [1;30mLevel 1[0m _identify(workspace/navpilot_ws/src/mapping_modules/launcher) by extension 'colcon_meta'
[0.281s] [34mcolcon.colcon_core.package_identification[0m [1;30mLevel 1[0m _identify(workspace/navpilot_ws/src/mapping_modules/launcher) by extensions ['ros']
[0.281s] [34mcolcon.colcon_core.package_identification[0m [1;30mLevel 1[0m _identify(workspace/navpilot_ws/src/mapping_modules/launcher) by extension 'ros'
[0.281s] [34mcolcon.colcon_core.package_identification[0m [1;30mLevel 1[0m _identify(workspace/navpilot_ws/src/mapping_modules/launcher) by extensions ['cmake', 'python']
[0.281s] [34mcolcon.colcon_core.package_identification[0m [1;30mLevel 1[0m _identify(workspace/navpilot_ws/src/mapping_modules/launcher) by extension 'cmake'
[0.281s] [34mcolcon.colcon_core.package_identification[0m [1;30mLevel 1[0m _identify(workspace/navpilot_ws/src/mapping_modules/launcher) by extension 'python'
[0.281s] [34mcolcon.colcon_core.package_identification[0m [1;30mLevel 1[0m _identify(workspace/navpilot_ws/src/mapping_modules/launcher) by extensions ['python_setup_py']
[0.281s] [34mcolcon.colcon_core.package_identification[0m [1;30mLevel 1[0m _identify(workspace/navpilot_ws/src/mapping_modules/launcher) by extension 'python_setup_py'
[0.281s] [34mcolcon.colcon_core.package_identification[0m [1;30mLevel 1[0m _identify(workspace/navpilot_ws/src/mapping_modules/launcher/__pycache__) by extensions ['ignore', 'ignore_ament_install']
[0.281s] [34mcolcon.colcon_core.package_identification[0m [1;30mLevel 1[0m _identify(workspace/navpilot_ws/src/mapping_modules/launcher/__pycache__) by extension 'ignore'
[0.281s] [34mcolcon.colcon_core.package_identification[0m [1;30mLevel 1[0m _identify(workspace/navpilot_ws/src/mapping_modules/launcher/__pycache__) by extension 'ignore_ament_install'
[0.281s] [34mcolcon.colcon_core.package_identification[0m [1;30mLevel 1[0m _identify(workspace/navpilot_ws/src/mapping_modules/launcher/__pycache__) by extensions ['colcon_pkg']
[0.281s] [34mcolcon.colcon_core.package_identification[0m [1;30mLevel 1[0m _identify(workspace/navpilot_ws/src/mapping_modules/launcher/__pycache__) by extension 'colcon_pkg'
[0.281s] [34mcolcon.colcon_core.package_identification[0m [1;30mLevel 1[0m _identify(workspace/navpilot_ws/src/mapping_modules/launcher/__pycache__) by extensions ['colcon_meta']
[0.281s] [34mcolcon.colcon_core.package_identification[0m [1;30mLevel 1[0m _identify(workspace/navpilot_ws/src/mapping_modules/launcher/__pycache__) by extension 'colcon_meta'
[0.281s] [34mcolcon.colcon_core.package_identification[0m [1;30mLevel 1[0m _identify(workspace/navpilot_ws/src/mapping_modules/launcher/__pycache__) by extensions ['ros']
[0.281s] [34mcolcon.colcon_core.package_identification[0m [1;30mLevel 1[0m _identify(workspace/navpilot_ws/src/mapping_modules/launcher/__pycache__) by extension 'ros'
[0.281s] [34mcolcon.colcon_core.package_identification[0m [1;30mLevel 1[0m _identify(workspace/navpilot_ws/src/mapping_modules/launcher/__pycache__) by extensions ['cmake', 'python']
[0.282s] [34mcolcon.colcon_core.package_identification[0m [1;30mLevel 1[0m _identify(workspace/navpilot_ws/src/mapping_modules/launcher/__pycache__) by extension 'cmake'
[0.282s] [34mcolcon.colcon_core.package_identification[0m [1;30mLevel 1[0m _identify(workspace/navpilot_ws/src/mapping_modules/launcher/__pycache__) by extension 'python'
[0.282s] [34mcolcon.colcon_core.package_identification[0m [1;30mLevel 1[0m _identify(workspace/navpilot_ws/src/mapping_modules/launcher/__pycache__) by extensions ['python_setup_py']
[0.282s] [34mcolcon.colcon_core.package_identification[0m [1;30mLevel 1[0m _identify(workspace/navpilot_ws/src/mapping_modules/launcher/__pycache__) by extension 'python_setup_py'
[0.282s] [34mcolcon.colcon_core.package_identification[0m [1;30mLevel 1[0m _identify(workspace/navpilot_ws/src/mapping_modules/lidar_imu_sync) by extensions ['ignore', 'ignore_ament_install']
[0.282s] [34mcolcon.colcon_core.package_identification[0m [1;30mLevel 1[0m _identify(workspace/navpilot_ws/src/mapping_modules/lidar_imu_sync) by extension 'ignore'
[0.282s] [34mcolcon.colcon_core.package_identification[0m [1;30mLevel 1[0m _identify(workspace/navpilot_ws/src/mapping_modules/lidar_imu_sync) by extension 'ignore_ament_install'
[0.282s] [34mcolcon.colcon_core.package_identification[0m [1;30mLevel 1[0m _identify(workspace/navpilot_ws/src/mapping_modules/lidar_imu_sync) by extensions ['colcon_pkg']
[0.282s] [34mcolcon.colcon_core.package_identification[0m [1;30mLevel 1[0m _identify(workspace/navpilot_ws/src/mapping_modules/lidar_imu_sync) by extension 'colcon_pkg'
[0.282s] [34mcolcon.colcon_core.package_identification[0m [1;30mLevel 1[0m _identify(workspace/navpilot_ws/src/mapping_modules/lidar_imu_sync) by extensions ['colcon_meta']
[0.282s] [34mcolcon.colcon_core.package_identification[0m [1;30mLevel 1[0m _identify(workspace/navpilot_ws/src/mapping_modules/lidar_imu_sync) by extension 'colcon_meta'
[0.282s] [34mcolcon.colcon_core.package_identification[0m [1;30mLevel 1[0m _identify(workspace/navpilot_ws/src/mapping_modules/lidar_imu_sync) by extensions ['ros']
[0.282s] [34mcolcon.colcon_core.package_identification[0m [1;30mLevel 1[0m _identify(workspace/navpilot_ws/src/mapping_modules/lidar_imu_sync) by extension 'ros'
[0.283s] [34mcolcon.colcon_core.package_identification[0m [1;30mDEBUG[0m [32mPackage 'workspace/navpilot_ws/src/mapping_modules/lidar_imu_sync' with type 'ros.ament_cmake' and name 'lidar_imu_sync'[0m
[0.283s] [34mcolcon.colcon_core.package_identification[0m [1;30mLevel 1[0m _identify(workspace/navpilot_ws/src/mcap_reader) by extensions ['ignore', 'ignore_ament_install']
[0.283s] [34mcolcon.colcon_core.package_identification[0m [1;30mLevel 1[0m _identify(workspace/navpilot_ws/src/mcap_reader) by extension 'ignore'
[0.283s] [34mcolcon.colcon_core.package_identification[0m [1;30mLevel 1[0m _identify(workspace/navpilot_ws/src/mcap_reader) by extension 'ignore_ament_install'
[0.283s] [34mcolcon.colcon_core.package_identification[0m [1;30mLevel 1[0m _identify(workspace/navpilot_ws/src/mcap_reader) by extensions ['colcon_pkg']
[0.283s] [34mcolcon.colcon_core.package_identification[0m [1;30mLevel 1[0m _identify(workspace/navpilot_ws/src/mcap_reader) by extension 'colcon_pkg'
[0.283s] [34mcolcon.colcon_core.package_identification[0m [1;30mLevel 1[0m _identify(workspace/navpilot_ws/src/mcap_reader) by extensions ['colcon_meta']
[0.283s] [34mcolcon.colcon_core.package_identification[0m [1;30mLevel 1[0m _identify(workspace/navpilot_ws/src/mcap_reader) by extension 'colcon_meta'
[0.283s] [34mcolcon.colcon_core.package_identification[0m [1;30mLevel 1[0m _identify(workspace/navpilot_ws/src/mcap_reader) by extensions ['ros']
[0.283s] [34mcolcon.colcon_core.package_identification[0m [1;30mLevel 1[0m _identify(workspace/navpilot_ws/src/mcap_reader) by extension 'ros'
[0.283s] [34mcolcon.colcon_core.package_identification[0m [1;30mLevel 1[0m _identify(workspace/navpilot_ws/src/mcap_reader) by extensions ['cmake', 'python']
[0.283s] [34mcolcon.colcon_core.package_identification[0m [1;30mLevel 1[0m _identify(workspace/navpilot_ws/src/mcap_reader) by extension 'cmake'
[0.283s] [34mcolcon.colcon_core.package_identification[0m [1;30mLevel 1[0m _identify(workspace/navpilot_ws/src/mcap_reader) by extension 'python'
[0.284s] [34mcolcon.colcon_core.package_identification[0m [1;30mLevel 1[0m _identify(workspace/navpilot_ws/src/mcap_reader) by extensions ['python_setup_py']
[0.284s] [34mcolcon.colcon_core.package_identification[0m [1;30mLevel 1[0m _identify(workspace/navpilot_ws/src/mcap_reader) by extension 'python_setup_py'
[0.284s] [34mcolcon.colcon_core.package_identification[0m [1;30mLevel 1[0m _identify(workspace/navpilot_ws/src/msgs) by extensions ['ignore', 'ignore_ament_install']
[0.284s] [34mcolcon.colcon_core.package_identification[0m [1;30mLevel 1[0m _identify(workspace/navpilot_ws/src/msgs) by extension 'ignore'
[0.284s] [34mcolcon.colcon_core.package_identification[0m [1;30mLevel 1[0m _identify(workspace/navpilot_ws/src/msgs) by extension 'ignore_ament_install'
[0.284s] [34mcolcon.colcon_core.package_identification[0m [1;30mLevel 1[0m _identify(workspace/navpilot_ws/src/msgs) by extensions ['colcon_pkg']
[0.284s] [34mcolcon.colcon_core.package_identification[0m [1;30mLevel 1[0m _identify(workspace/navpilot_ws/src/msgs) by extension 'colcon_pkg'
[0.284s] [34mcolcon.colcon_core.package_identification[0m [1;30mLevel 1[0m _identify(workspace/navpilot_ws/src/msgs) by extensions ['colcon_meta']
[0.284s] [34mcolcon.colcon_core.package_identification[0m [1;30mLevel 1[0m _identify(workspace/navpilot_ws/src/msgs) by extension 'colcon_meta'
[0.284s] [34mcolcon.colcon_core.package_identification[0m [1;30mLevel 1[0m _identify(workspace/navpilot_ws/src/msgs) by extensions ['ros']
[0.284s] [34mcolcon.colcon_core.package_identification[0m [1;30mLevel 1[0m _identify(workspace/navpilot_ws/src/msgs) by extension 'ros'
[0.284s] [34mcolcon.colcon_core.package_identification[0m [1;30mLevel 1[0m _identify(workspace/navpilot_ws/src/msgs) by extensions ['cmake', 'python']
[0.284s] [34mcolcon.colcon_core.package_identification[0m [1;30mLevel 1[0m _identify(workspace/navpilot_ws/src/msgs) by extension 'cmake'
[0.284s] [34mcolcon.colcon_core.package_identification[0m [1;30mLevel 1[0m _identify(workspace/navpilot_ws/src/msgs) by extension 'python'
[0.284s] [34mcolcon.colcon_core.package_identification[0m [1;30mLevel 1[0m _identify(workspace/navpilot_ws/src/msgs) by extensions ['python_setup_py']
[0.284s] [34mcolcon.colcon_core.package_identification[0m [1;30mLevel 1[0m _identify(workspace/navpilot_ws/src/msgs) by extension 'python_setup_py'
[0.284s] [34mcolcon.colcon_core.package_identification[0m [1;30mLevel 1[0m _identify(workspace/navpilot_ws/src/msgs/obstacles_information_msgs) by extensions ['ignore', 'ignore_ament_install']
[0.284s] [34mcolcon.colcon_core.package_identification[0m [1;30mLevel 1[0m _identify(workspace/navpilot_ws/src/msgs/obstacles_information_msgs) by extension 'ignore'
[0.284s] [34mcolcon.colcon_core.package_identification[0m [1;30mLevel 1[0m _identify(workspace/navpilot_ws/src/msgs/obstacles_information_msgs) by extension 'ignore_ament_install'
[0.284s] [34mcolcon.colcon_core.package_identification[0m [1;30mLevel 1[0m _identify(workspace/navpilot_ws/src/msgs/obstacles_information_msgs) by extensions ['colcon_pkg']
[0.284s] [34mcolcon.colcon_core.package_identification[0m [1;30mLevel 1[0m _identify(workspace/navpilot_ws/src/msgs/obstacles_information_msgs) by extension 'colcon_pkg'
[0.284s] [34mcolcon.colcon_core.package_identification[0m [1;30mLevel 1[0m _identify(workspace/navpilot_ws/src/msgs/obstacles_information_msgs) by extensions ['colcon_meta']
[0.284s] [34mcolcon.colcon_core.package_identification[0m [1;30mLevel 1[0m _identify(workspace/navpilot_ws/src/msgs/obstacles_information_msgs) by extension 'colcon_meta'
[0.285s] [34mcolcon.colcon_core.package_identification[0m [1;30mLevel 1[0m _identify(workspace/navpilot_ws/src/msgs/obstacles_information_msgs) by extensions ['ros']
[0.285s] [34mcolcon.colcon_core.package_identification[0m [1;30mLevel 1[0m _identify(workspace/navpilot_ws/src/msgs/obstacles_information_msgs) by extension 'ros'
[0.285s] [34mcolcon.colcon_core.package_identification[0m [1;30mDEBUG[0m [32mPackage 'workspace/navpilot_ws/src/msgs/obstacles_information_msgs' with type 'ros.ament_cmake' and name 'obstacles_information_msgs'[0m
[0.285s] [34mcolcon.colcon_core.package_identification[0m [1;30mLevel 1[0m _identify(workspace/navpilot_ws/src/path_planning) by extensions ['ignore', 'ignore_ament_install']
[0.285s] [34mcolcon.colcon_core.package_identification[0m [1;30mLevel 1[0m _identify(workspace/navpilot_ws/src/path_planning) by extension 'ignore'
[0.285s] [34mcolcon.colcon_core.package_identification[0m [1;30mLevel 1[0m _identify(workspace/navpilot_ws/src/path_planning) by extension 'ignore_ament_install'
[0.285s] [34mcolcon.colcon_core.package_identification[0m [1;30mLevel 1[0m _identify(workspace/navpilot_ws/src/path_planning) by extensions ['colcon_pkg']
[0.285s] [34mcolcon.colcon_core.package_identification[0m [1;30mLevel 1[0m _identify(workspace/navpilot_ws/src/path_planning) by extension 'colcon_pkg'
[0.285s] [34mcolcon.colcon_core.package_identification[0m [1;30mLevel 1[0m _identify(workspace/navpilot_ws/src/path_planning) by extensions ['colcon_meta']
[0.285s] [34mcolcon.colcon_core.package_identification[0m [1;30mLevel 1[0m _identify(workspace/navpilot_ws/src/path_planning) by extension 'colcon_meta'
[0.285s] [34mcolcon.colcon_core.package_identification[0m [1;30mLevel 1[0m _identify(workspace/navpilot_ws/src/path_planning) by extensions ['ros']
[0.285s] [34mcolcon.colcon_core.package_identification[0m [1;30mLevel 1[0m _identify(workspace/navpilot_ws/src/path_planning) by extension 'ros'
[0.286s] [34mcolcon.colcon_core.package_identification[0m [1;30mLevel 1[0m _identify(workspace/navpilot_ws/src/path_planning) by extensions ['cmake', 'python']
[0.286s] [34mcolcon.colcon_core.package_identification[0m [1;30mLevel 1[0m _identify(workspace/navpilot_ws/src/path_planning) by extension 'cmake'
[0.286s] [34mcolcon.colcon_core.package_identification[0m [1;30mLevel 1[0m _identify(workspace/navpilot_ws/src/path_planning) by extension 'python'
[0.286s] [34mcolcon.colcon_core.package_identification[0m [1;30mLevel 1[0m _identify(workspace/navpilot_ws/src/path_planning) by extensions ['python_setup_py']
[0.286s] [34mcolcon.colcon_core.package_identification[0m [1;30mLevel 1[0m _identify(workspace/navpilot_ws/src/path_planning) by extension 'python_setup_py'
[0.286s] [34mcolcon.colcon_core.package_identification[0m [1;30mLevel 1[0m _identify(workspace/navpilot_ws/src/path_planning/launch) by extensions ['ignore', 'ignore_ament_install']
[0.286s] [34mcolcon.colcon_core.package_identification[0m [1;30mLevel 1[0m _identify(workspace/navpilot_ws/src/path_planning/launch) by extension 'ignore'
[0.286s] [34mcolcon.colcon_core.package_identification[0m [1;30mLevel 1[0m _identify(workspace/navpilot_ws/src/path_planning/launch) by extension 'ignore_ament_install'
[0.286s] [34mcolcon.colcon_core.package_identification[0m [1;30mLevel 1[0m _identify(workspace/navpilot_ws/src/path_planning/launch) by extensions ['colcon_pkg']
[0.286s] [34mcolcon.colcon_core.package_identification[0m [1;30mLevel 1[0m _identify(workspace/navpilot_ws/src/path_planning/launch) by extension 'colcon_pkg'
[0.286s] [34mcolcon.colcon_core.package_identification[0m [1;30mLevel 1[0m _identify(workspace/navpilot_ws/src/path_planning/launch) by extensions ['colcon_meta']
[0.286s] [34mcolcon.colcon_core.package_identification[0m [1;30mLevel 1[0m _identify(workspace/navpilot_ws/src/path_planning/launch) by extension 'colcon_meta'
[0.286s] [34mcolcon.colcon_core.package_identification[0m [1;30mLevel 1[0m _identify(workspace/navpilot_ws/src/path_planning/launch) by extensions ['ros']
[0.286s] [34mcolcon.colcon_core.package_identification[0m [1;30mLevel 1[0m _identify(workspace/navpilot_ws/src/path_planning/launch) by extension 'ros'
[0.286s] [34mcolcon.colcon_core.package_identification[0m [1;30mLevel 1[0m _identify(workspace/navpilot_ws/src/path_planning/launch) by extensions ['cmake', 'python']
[0.286s] [34mcolcon.colcon_core.package_identification[0m [1;30mLevel 1[0m _identify(workspace/navpilot_ws/src/path_planning/launch) by extension 'cmake'
[0.286s] [34mcolcon.colcon_core.package_identification[0m [1;30mLevel 1[0m _identify(workspace/navpilot_ws/src/path_planning/launch) by extension 'python'
[0.286s] [34mcolcon.colcon_core.package_identification[0m [1;30mLevel 1[0m _identify(workspace/navpilot_ws/src/path_planning/launch) by extensions ['python_setup_py']
[0.286s] [34mcolcon.colcon_core.package_identification[0m [1;30mLevel 1[0m _identify(workspace/navpilot_ws/src/path_planning/launch) by extension 'python_setup_py'
[0.286s] [34mcolcon.colcon_core.package_identification[0m [1;30mLevel 1[0m _identify(workspace/navpilot_ws/src/path_planning/launch/__pycache__) by extensions ['ignore', 'ignore_ament_install']
[0.286s] [34mcolcon.colcon_core.package_identification[0m [1;30mLevel 1[0m _identify(workspace/navpilot_ws/src/path_planning/launch/__pycache__) by extension 'ignore'
[0.287s] [34mcolcon.colcon_core.package_identification[0m [1;30mLevel 1[0m _identify(workspace/navpilot_ws/src/path_planning/launch/__pycache__) by extension 'ignore_ament_install'
[0.287s] [34mcolcon.colcon_core.package_identification[0m [1;30mLevel 1[0m _identify(workspace/navpilot_ws/src/path_planning/launch/__pycache__) by extensions ['colcon_pkg']
[0.287s] [34mcolcon.colcon_core.package_identification[0m [1;30mLevel 1[0m _identify(workspace/navpilot_ws/src/path_planning/launch/__pycache__) by extension 'colcon_pkg'
[0.287s] [34mcolcon.colcon_core.package_identification[0m [1;30mLevel 1[0m _identify(workspace/navpilot_ws/src/path_planning/launch/__pycache__) by extensions ['colcon_meta']
[0.287s] [34mcolcon.colcon_core.package_identification[0m [1;30mLevel 1[0m _identify(workspace/navpilot_ws/src/path_planning/launch/__pycache__) by extension 'colcon_meta'
[0.287s] [34mcolcon.colcon_core.package_identification[0m [1;30mLevel 1[0m _identify(workspace/navpilot_ws/src/path_planning/launch/__pycache__) by extensions ['ros']
[0.287s] [34mcolcon.colcon_core.package_identification[0m [1;30mLevel 1[0m _identify(workspace/navpilot_ws/src/path_planning/launch/__pycache__) by extension 'ros'
[0.287s] [34mcolcon.colcon_core.package_identification[0m [1;30mLevel 1[0m _identify(workspace/navpilot_ws/src/path_planning/launch/__pycache__) by extensions ['cmake', 'python']
[0.287s] [34mcolcon.colcon_core.package_identification[0m [1;30mLevel 1[0m _identify(workspace/navpilot_ws/src/path_planning/launch/__pycache__) by extension 'cmake'
[0.287s] [34mcolcon.colcon_core.package_identification[0m [1;30mLevel 1[0m _identify(workspace/navpilot_ws/src/path_planning/launch/__pycache__) by extension 'python'
[0.287s] [34mcolcon.colcon_core.package_identification[0m [1;30mLevel 1[0m _identify(workspace/navpilot_ws/src/path_planning/launch/__pycache__) by extensions ['python_setup_py']
[0.287s] [34mcolcon.colcon_core.package_identification[0m [1;30mLevel 1[0m _identify(workspace/navpilot_ws/src/path_planning/launch/__pycache__) by extension 'python_setup_py'
[0.287s] [34mcolcon.colcon_core.package_identification[0m [1;30mLevel 1[0m _identify(workspace/navpilot_ws/src/path_planning/local_path_planning) by extensions ['ignore', 'ignore_ament_install']
[0.287s] [34mcolcon.colcon_core.package_identification[0m [1;30mLevel 1[0m _identify(workspace/navpilot_ws/src/path_planning/local_path_planning) by extension 'ignore'
[0.287s] [34mcolcon.colcon_core.package_identification[0m [1;30mLevel 1[0m _identify(workspace/navpilot_ws/src/path_planning/local_path_planning) by extension 'ignore_ament_install'
[0.287s] [34mcolcon.colcon_core.package_identification[0m [1;30mLevel 1[0m _identify(workspace/navpilot_ws/src/path_planning/local_path_planning) by extensions ['colcon_pkg']
[0.287s] [34mcolcon.colcon_core.package_identification[0m [1;30mLevel 1[0m _identify(workspace/navpilot_ws/src/path_planning/local_path_planning) by extension 'colcon_pkg'
[0.287s] [34mcolcon.colcon_core.package_identification[0m [1;30mLevel 1[0m _identify(workspace/navpilot_ws/src/path_planning/local_path_planning) by extensions ['colcon_meta']
[0.287s] [34mcolcon.colcon_core.package_identification[0m [1;30mLevel 1[0m _identify(workspace/navpilot_ws/src/path_planning/local_path_planning) by extension 'colcon_meta'
[0.287s] [34mcolcon.colcon_core.package_identification[0m [1;30mLevel 1[0m _identify(workspace/navpilot_ws/src/path_planning/local_path_planning) by extensions ['ros']
[0.287s] [34mcolcon.colcon_core.package_identification[0m [1;30mLevel 1[0m _identify(workspace/navpilot_ws/src/path_planning/local_path_planning) by extension 'ros'
[0.288s] [34mcolcon.colcon_core.package_identification[0m [1;30mDEBUG[0m [32mPackage 'workspace/navpilot_ws/src/path_planning/local_path_planning' with type 'ros.ament_cmake' and name 'local_path_planning'[0m
[0.288s] [34mcolcon.colcon_core.package_identification[0m [1;30mLevel 1[0m _identify(workspace/navpilot_ws/src/path_planning/path_planning_dynamic) by extensions ['ignore', 'ignore_ament_install']
[0.288s] [34mcolcon.colcon_core.package_identification[0m [1;30mLevel 1[0m _identify(workspace/navpilot_ws/src/path_planning/path_planning_dynamic) by extension 'ignore'
[0.288s] [34mcolcon.colcon_core.package_identification[0m [1;30mLevel 1[0m _identify(workspace/navpilot_ws/src/path_planning/path_planning_dynamic) by extension 'ignore_ament_install'
[0.288s] [34mcolcon.colcon_core.package_identification[0m [1;30mLevel 1[0m _identify(workspace/navpilot_ws/src/path_planning/path_planning_dynamic) by extensions ['colcon_pkg']
[0.288s] [34mcolcon.colcon_core.package_identification[0m [1;30mLevel 1[0m _identify(workspace/navpilot_ws/src/path_planning/path_planning_dynamic) by extension 'colcon_pkg'
[0.288s] [34mcolcon.colcon_core.package_identification[0m [1;30mLevel 1[0m _identify(workspace/navpilot_ws/src/path_planning/path_planning_dynamic) by extensions ['colcon_meta']
[0.288s] [34mcolcon.colcon_core.package_identification[0m [1;30mLevel 1[0m _identify(workspace/navpilot_ws/src/path_planning/path_planning_dynamic) by extension 'colcon_meta'
[0.288s] [34mcolcon.colcon_core.package_identification[0m [1;30mLevel 1[0m _identify(workspace/navpilot_ws/src/path_planning/path_planning_dynamic) by extensions ['ros']
[0.288s] [34mcolcon.colcon_core.package_identification[0m [1;30mLevel 1[0m _identify(workspace/navpilot_ws/src/path_planning/path_planning_dynamic) by extension 'ros'
[0.288s] [34mcolcon.colcon_core.package_identification[0m [1;30mDEBUG[0m [32mPackage 'workspace/navpilot_ws/src/path_planning/path_planning_dynamic' with type 'ros.ament_cmake' and name 'path_planning_dynamic'[0m
[0.289s] [34mcolcon.colcon_core.package_identification[0m [1;30mLevel 1[0m _identify(workspace/navpilot_ws/src/path_planning/yaw_test) by extensions ['ignore', 'ignore_ament_install']
[0.289s] [34mcolcon.colcon_core.package_identification[0m [1;30mLevel 1[0m _identify(workspace/navpilot_ws/src/path_planning/yaw_test) by extension 'ignore'
[0.289s] [34mcolcon.colcon_core.package_identification[0m [1;30mLevel 1[0m _identify(workspace/navpilot_ws/src/path_planning/yaw_test) by extension 'ignore_ament_install'
[0.289s] [34mcolcon.colcon_core.package_identification[0m [1;30mLevel 1[0m _identify(workspace/navpilot_ws/src/path_planning/yaw_test) by extensions ['colcon_pkg']
[0.289s] [34mcolcon.colcon_core.package_identification[0m [1;30mLevel 1[0m _identify(workspace/navpilot_ws/src/path_planning/yaw_test) by extension 'colcon_pkg'
[0.289s] [34mcolcon.colcon_core.package_identification[0m [1;30mLevel 1[0m _identify(workspace/navpilot_ws/src/path_planning/yaw_test) by extensions ['colcon_meta']
[0.289s] [34mcolcon.colcon_core.package_identification[0m [1;30mLevel 1[0m _identify(workspace/navpilot_ws/src/path_planning/yaw_test) by extension 'colcon_meta'
[0.289s] [34mcolcon.colcon_core.package_identification[0m [1;30mLevel 1[0m _identify(workspace/navpilot_ws/src/path_planning/yaw_test) by extensions ['ros']
[0.289s] [34mcolcon.colcon_core.package_identification[0m [1;30mLevel 1[0m _identify(workspace/navpilot_ws/src/path_planning/yaw_test) by extension 'ros'
[0.289s] [34mcolcon.colcon_core.package_identification[0m [1;30mDEBUG[0m [32mPackage 'workspace/navpilot_ws/src/path_planning/yaw_test' with type 'ros.ament_cmake' and name 'yaw_test'[0m
[0.289s] [34mcolcon.colcon_core.package_identification[0m [1;30mLevel 1[0m _identify(workspace/navpilot_ws/src/pc2_to_bin) by extensions ['ignore', 'ignore_ament_install']
[0.290s] [34mcolcon.colcon_core.package_identification[0m [1;30mLevel 1[0m _identify(workspace/navpilot_ws/src/pc2_to_bin) by extension 'ignore'
[0.290s] [34mcolcon.colcon_core.package_identification[0m [1;30mLevel 1[0m _identify(workspace/navpilot_ws/src/pc2_to_bin) by extension 'ignore_ament_install'
[0.290s] [34mcolcon.colcon_core.package_identification[0m [1;30mLevel 1[0m _identify(workspace/navpilot_ws/src/pc2_to_bin) by extensions ['colcon_pkg']
[0.290s] [34mcolcon.colcon_core.package_identification[0m [1;30mLevel 1[0m _identify(workspace/navpilot_ws/src/pc2_to_bin) by extension 'colcon_pkg'
[0.290s] [34mcolcon.colcon_core.package_identification[0m [1;30mLevel 1[0m _identify(workspace/navpilot_ws/src/pc2_to_bin) by extensions ['colcon_meta']
[0.290s] [34mcolcon.colcon_core.package_identification[0m [1;30mLevel 1[0m _identify(workspace/navpilot_ws/src/pc2_to_bin) by extension 'colcon_meta'
[0.290s] [34mcolcon.colcon_core.package_identification[0m [1;30mLevel 1[0m _identify(workspace/navpilot_ws/src/pc2_to_bin) by extensions ['ros']
[0.290s] [34mcolcon.colcon_core.package_identification[0m [1;30mLevel 1[0m _identify(workspace/navpilot_ws/src/pc2_to_bin) by extension 'ros'
[0.290s] [34mcolcon.colcon_core.package_identification[0m [1;30mLevel 1[0m _identify(workspace/navpilot_ws/src/pc2_to_bin) by extensions ['cmake', 'python']
[0.290s] [34mcolcon.colcon_core.package_identification[0m [1;30mLevel 1[0m _identify(workspace/navpilot_ws/src/pc2_to_bin) by extension 'cmake'
[0.290s] [34mcolcon.colcon_core.package_identification[0m [1;30mLevel 1[0m _identify(workspace/navpilot_ws/src/pc2_to_bin) by extension 'python'
[0.290s] [34mcolcon.colcon_core.package_identification[0m [1;30mLevel 1[0m _identify(workspace/navpilot_ws/src/pc2_to_bin) by extensions ['python_setup_py']
[0.290s] [34mcolcon.colcon_core.package_identification[0m [1;30mLevel 1[0m _identify(workspace/navpilot_ws/src/pc2_to_bin) by extension 'python_setup_py'
[0.290s] [34mcolcon.colcon_core.package_identification[0m [1;30mLevel 1[0m _identify(workspace/navpilot_ws/src/robot_description) by extensions ['ignore', 'ignore_ament_install']
[0.290s] [34mcolcon.colcon_core.package_identification[0m [1;30mLevel 1[0m _identify(workspace/navpilot_ws/src/robot_description) by extension 'ignore'
[0.290s] [34mcolcon.colcon_core.package_identification[0m [1;30mLevel 1[0m _identify(workspace/navpilot_ws/src/robot_description) by extension 'ignore_ament_install'
[0.290s] [34mcolcon.colcon_core.package_identification[0m [1;30mLevel 1[0m _identify(workspace/navpilot_ws/src/robot_description) by extensions ['colcon_pkg']
[0.290s] [34mcolcon.colcon_core.package_identification[0m [1;30mLevel 1[0m _identify(workspace/navpilot_ws/src/robot_description) by extension 'colcon_pkg'
[0.290s] [34mcolcon.colcon_core.package_identification[0m [1;30mLevel 1[0m _identify(workspace/navpilot_ws/src/robot_description) by extensions ['colcon_meta']
[0.290s] [34mcolcon.colcon_core.package_identification[0m [1;30mLevel 1[0m _identify(workspace/navpilot_ws/src/robot_description) by extension 'colcon_meta'
[0.290s] [34mcolcon.colcon_core.package_identification[0m [1;30mLevel 1[0m _identify(workspace/navpilot_ws/src/robot_description) by extensions ['ros']
[0.290s] [34mcolcon.colcon_core.package_identification[0m [1;30mLevel 1[0m _identify(workspace/navpilot_ws/src/robot_description) by extension 'ros'
[0.291s] [34mcolcon.colcon_core.package_identification[0m [1;30mDEBUG[0m [32mPackage 'workspace/navpilot_ws/src/robot_description' with type 'ros.ament_cmake' and name 'robot_description'[0m
[0.291s] [34mcolcon.colcon_core.package_identification[0m [1;30mLevel 1[0m _identify(workspace/navpilot_ws/src/sensor_stack) by extensions ['ignore', 'ignore_ament_install']
[0.291s] [34mcolcon.colcon_core.package_identification[0m [1;30mLevel 1[0m _identify(workspace/navpilot_ws/src/sensor_stack) by extension 'ignore'
[0.291s] [34mcolcon.colcon_core.package_identification[0m [1;30mLevel 1[0m _identify(workspace/navpilot_ws/src/sensor_stack) by extension 'ignore_ament_install'
[0.291s] [34mcolcon.colcon_core.package_identification[0m [1;30mLevel 1[0m _identify(workspace/navpilot_ws/src/sensor_stack) by extensions ['colcon_pkg']
[0.291s] [34mcolcon.colcon_core.package_identification[0m [1;30mLevel 1[0m _identify(workspace/navpilot_ws/src/sensor_stack) by extension 'colcon_pkg'
[0.291s] [34mcolcon.colcon_core.package_identification[0m [1;30mLevel 1[0m _identify(workspace/navpilot_ws/src/sensor_stack) by extensions ['colcon_meta']
[0.291s] [34mcolcon.colcon_core.package_identification[0m [1;30mLevel 1[0m _identify(workspace/navpilot_ws/src/sensor_stack) by extension 'colcon_meta'
[0.291s] [34mcolcon.colcon_core.package_identification[0m [1;30mLevel 1[0m _identify(workspace/navpilot_ws/src/sensor_stack) by extensions ['ros']
[0.291s] [34mcolcon.colcon_core.package_identification[0m [1;30mLevel 1[0m _identify(workspace/navpilot_ws/src/sensor_stack) by extension 'ros'
[0.291s] [34mcolcon.colcon_core.package_identification[0m [1;30mLevel 1[0m _identify(workspace/navpilot_ws/src/sensor_stack) by extensions ['cmake', 'python']
[0.291s] [34mcolcon.colcon_core.package_identification[0m [1;30mLevel 1[0m _identify(workspace/navpilot_ws/src/sensor_stack) by extension 'cmake'
[0.291s] [34mcolcon.colcon_core.package_identification[0m [1;30mLevel 1[0m _identify(workspace/navpilot_ws/src/sensor_stack) by extension 'python'
[0.291s] [34mcolcon.colcon_core.package_identification[0m [1;30mLevel 1[0m _identify(workspace/navpilot_ws/src/sensor_stack) by extensions ['python_setup_py']
[0.291s] [34mcolcon.colcon_core.package_identification[0m [1;30mLevel 1[0m _identify(workspace/navpilot_ws/src/sensor_stack) by extension 'python_setup_py'
[0.292s] [34mcolcon.colcon_core.package_identification[0m [1;30mLevel 1[0m _identify(workspace/navpilot_ws/src/sensor_stack/sensors_launch) by extensions ['ignore', 'ignore_ament_install']
[0.292s] [34mcolcon.colcon_core.package_identification[0m [1;30mLevel 1[0m _identify(workspace/navpilot_ws/src/sensor_stack/sensors_launch) by extension 'ignore'
[0.292s] [34mcolcon.colcon_core.package_identification[0m [1;30mLevel 1[0m _identify(workspace/navpilot_ws/src/sensor_stack/sensors_launch) by extension 'ignore_ament_install'
[0.292s] [34mcolcon.colcon_core.package_identification[0m [1;30mLevel 1[0m _identify(workspace/navpilot_ws/src/sensor_stack/sensors_launch) by extensions ['colcon_pkg']
[0.292s] [34mcolcon.colcon_core.package_identification[0m [1;30mLevel 1[0m _identify(workspace/navpilot_ws/src/sensor_stack/sensors_launch) by extension 'colcon_pkg'
[0.292s] [34mcolcon.colcon_core.package_identification[0m [1;30mLevel 1[0m _identify(workspace/navpilot_ws/src/sensor_stack/sensors_launch) by extensions ['colcon_meta']
[0.292s] [34mcolcon.colcon_core.package_identification[0m [1;30mLevel 1[0m _identify(workspace/navpilot_ws/src/sensor_stack/sensors_launch) by extension 'colcon_meta'
[0.292s] [34mcolcon.colcon_core.package_identification[0m [1;30mLevel 1[0m _identify(workspace/navpilot_ws/src/sensor_stack/sensors_launch) by extensions ['ros']
[0.292s] [34mcolcon.colcon_core.package_identification[0m [1;30mLevel 1[0m _identify(workspace/navpilot_ws/src/sensor_stack/sensors_launch) by extension 'ros'
[0.292s] [34mcolcon.colcon_core.package_identification[0m [1;30mDEBUG[0m [32mPackage 'workspace/navpilot_ws/src/sensor_stack/sensors_launch' with type 'ros.ament_cmake' and name 'sensors_launch'[0m
[0.292s] [34mcolcon.colcon_core.package_identification[0m [1;30mLevel 1[0m _identify(workspace/oms) by extensions ['ignore', 'ignore_ament_install']
[0.293s] [34mcolcon.colcon_core.package_identification[0m [1;30mLevel 1[0m _identify(workspace/oms) by extension 'ignore'
[0.293s] [34mcolcon.colcon_core.package_identification[0m [1;30mLevel 1[0m _identify(workspace/oms) by extension 'ignore_ament_install'
[0.293s] [34mcolcon.colcon_core.package_identification[0m [1;30mLevel 1[0m _identify(workspace/oms) by extensions ['colcon_pkg']
[0.293s] [34mcolcon.colcon_core.package_identification[0m [1;30mLevel 1[0m _identify(workspace/oms) by extension 'colcon_pkg'
[0.293s] [34mcolcon.colcon_core.package_identification[0m [1;30mLevel 1[0m _identify(workspace/oms) by extensions ['colcon_meta']
[0.293s] [34mcolcon.colcon_core.package_identification[0m [1;30mLevel 1[0m _identify(workspace/oms) by extension 'colcon_meta'
[0.293s] [34mcolcon.colcon_core.package_identification[0m [1;30mLevel 1[0m _identify(workspace/oms) by extensions ['ros']
[0.293s] [34mcolcon.colcon_core.package_identification[0m [1;30mLevel 1[0m _identify(workspace/oms) by extension 'ros'
[0.293s] [34mcolcon.colcon_core.package_identification[0m [1;30mLevel 1[0m _identify(workspace/oms) by extensions ['cmake', 'python']
[0.293s] [34mcolcon.colcon_core.package_identification[0m [1;30mLevel 1[0m _identify(workspace/oms) by extension 'cmake'
[0.293s] [34mcolcon.colcon_core.package_identification[0m [1;30mLevel 1[0m _identify(workspace/oms) by extension 'python'
[0.293s] [34mcolcon.colcon_core.package_identification[0m [1;30mLevel 1[0m _identify(workspace/oms) by extensions ['python_setup_py']
[0.293s] [34mcolcon.colcon_core.package_identification[0m [1;30mLevel 1[0m _identify(workspace/oms) by extension 'python_setup_py'
[0.293s] [34mcolcon.colcon_core.package_discovery[0m [1;30mLevel 1[0m discover_packages(recursive) using defaults
[0.293s] [34mcolcon.colcon_core.package_discovery[0m [1;30mLevel 1[0m discover_packages(ignore) discover
[0.293s] [34mcolcon.colcon_core.package_discovery[0m [1;30mLevel 1[0m discover_packages(ignore) using defaults
[0.293s] [34mcolcon.colcon_core.package_discovery[0m [1;30mLevel 1[0m discover_packages(path) discover
[0.293s] [34mcolcon.colcon_core.package_discovery[0m [1;30mLevel 1[0m discover_packages(path) using defaults
[0.308s] [34mcolcon.colcon_core.package_selection[0m [1;30mINFO[0m Skipping not selected package 'lanelet2_core' in 'workspace/navpilot_ws/src/hdmap_stack/Lanelet2/lanelet2_core'
[0.308s] [34mcolcon.colcon_core.package_selection[0m [1;30mINFO[0m Skipping not selected package 'lidar_imu_sync' in 'workspace/navpilot_ws/src/mapping_modules/lidar_imu_sync'
[0.308s] [34mcolcon.colcon_core.package_selection[0m [1;30mINFO[0m Skipping not selected package 'local_path_planning' in 'workspace/navpilot_ws/src/path_planning/local_path_planning'
[0.308s] [34mcolcon.colcon_core.package_selection[0m [1;30mINFO[0m Skipping not selected package 'obstacles_information_msgs' in 'workspace/navpilot_ws/src/msgs/obstacles_information_msgs'
[0.308s] [34mcolcon.colcon_core.package_selection[0m [1;30mINFO[0m Skipping not selected package 'path_planning_dynamic' in 'workspace/navpilot_ws/src/path_planning/path_planning_dynamic'
[0.308s] [34mcolcon.colcon_core.package_selection[0m [1;30mINFO[0m Skipping not selected package 'pointcloud_rotation' in 'workspace/navpilot_ws/src/lidar_modules/pointcloud_rotation'
[0.308s] [34mcolcon.colcon_core.package_selection[0m [1;30mINFO[0m Skipping not selected package 'polygon_msgs' in 'workspace/navpilot_ws/src/hdmap_stack/polygon_ros/polygon_msgs'
[0.308s] [34mcolcon.colcon_core.package_selection[0m [1;30mINFO[0m Skipping not selected package 'robot_description' in 'workspace/navpilot_ws/src/robot_description'
[0.308s] [34mcolcon.colcon_core.package_selection[0m [1;30mINFO[0m Skipping not selected package 'sensors_launch' in 'workspace/navpilot_ws/src/sensor_stack/sensors_launch'
[0.308s] [34mcolcon.colcon_core.package_selection[0m [1;30mINFO[0m Skipping not selected package 'waypoints_routing' in 'workspace/navpilot_ws/src/hdmap_stack/waypoints_routing'
[0.308s] [34mcolcon.colcon_core.package_selection[0m [1;30mINFO[0m Skipping not selected package 'yaw_test' in 'workspace/navpilot_ws/src/path_planning/yaw_test'
[0.308s] [34mcolcon.colcon_core.package_selection[0m [1;30mINFO[0m Skipping not selected package 'lanelet2_io' in 'workspace/navpilot_ws/src/hdmap_stack/Lanelet2/lanelet2_io'
[0.308s] [34mcolcon.colcon_core.package_selection[0m [1;30mINFO[0m Skipping not selected package 'lanelet2_maps' in 'workspace/navpilot_ws/src/hdmap_stack/Lanelet2/lanelet2_maps'
[0.308s] [34mcolcon.colcon_core.package_selection[0m [1;30mINFO[0m Skipping not selected package 'lanelet2_traffic_rules' in 'workspace/navpilot_ws/src/hdmap_stack/Lanelet2/lanelet2_traffic_rules'
[0.308s] [34mcolcon.colcon_core.package_selection[0m [1;30mINFO[0m Skipping not selected package 'polygon_utils' in 'workspace/navpilot_ws/src/hdmap_stack/polygon_ros/polygon_utils'
[0.309s] [34mcolcon.colcon_core.package_selection[0m [1;30mINFO[0m Skipping not selected package 'traffic_information_msgs' in 'workspace/navpilot_ws/src/hdmap_stack/traffic_information_msgs'
[0.309s] [34mcolcon.colcon_core.package_selection[0m [1;30mINFO[0m Skipping not selected package 'lanelet2_projection' in 'workspace/navpilot_ws/src/hdmap_stack/Lanelet2/lanelet2_projection'
[0.309s] [34mcolcon.colcon_core.package_selection[0m [1;30mINFO[0m Skipping not selected package 'lanelet2_routing' in 'workspace/navpilot_ws/src/hdmap_stack/Lanelet2/lanelet2_routing'
[0.309s] [34mcolcon.colcon_core.package_selection[0m [1;30mINFO[0m Skipping not selected package 'polygon_rviz_plugins' in 'workspace/navpilot_ws/src/hdmap_stack/polygon_ros/polygon_rviz_plugins'
[0.309s] [34mcolcon.colcon_core.package_selection[0m [1;30mINFO[0m Skipping not selected package 'lanelet2_matching' in 'workspace/navpilot_ws/src/hdmap_stack/Lanelet2/lanelet2_matching'
[0.309s] [34mcolcon.colcon_core.package_selection[0m [1;30mINFO[0m Skipping not selected package 'lanelet2_validation' in 'workspace/navpilot_ws/src/hdmap_stack/Lanelet2/lanelet2_validation'
[0.309s] [34mcolcon.colcon_core.package_selection[0m [1;30mINFO[0m Skipping not selected package 'polygon_demos' in 'workspace/navpilot_ws/src/hdmap_stack/polygon_ros/polygon_demos'
[0.309s] [34mcolcon.colcon_core.package_selection[0m [1;30mINFO[0m Skipping not selected package 'lanelet2_python' in 'workspace/navpilot_ws/src/hdmap_stack/Lanelet2/lanelet2_python'
[0.309s] [34mcolcon.colcon_core.package_selection[0m [1;30mINFO[0m Skipping not selected package 'map_visualizer' in 'workspace/navpilot_ws/src/hdmap_stack/hdmap_visualizer'
[0.309s] [34mcolcon.colcon_core.package_selection[0m [1;30mINFO[0m Skipping not selected package 'lanelet2_examples' in 'workspace/navpilot_ws/src/hdmap_stack/Lanelet2/lanelet2_examples'
[0.309s] [34mcolcon.colcon_core.package_selection[0m [1;30mINFO[0m Skipping not selected package 'lanelet2' in 'workspace/navpilot_ws/src/hdmap_stack/Lanelet2/lanelet2'
[0.309s] [34mcolcon.colcon_core.package_discovery[0m [1;30mLevel 1[0m discover_packages(prefix_path) check parameters
[0.309s] [34mcolcon.colcon_core.package_discovery[0m [1;30mLevel 1[0m discover_packages(prefix_path) discover
[0.310s] [34mcolcon.colcon_installed_package_information.package_discovery[0m [1;30mDEBUG[0m [32mFound 4 installed packages in /home/snorlix/colcon_ws/install[0m
[0.311s] [34mcolcon.colcon_installed_package_information.package_discovery[0m [1;30mDEBUG[0m [32mFound 1 installed packages in /home/snorlix/colcon_ws/src/ws_livox/install[0m
[0.312s] [34mcolcon.colcon_installed_package_information.package_discovery[0m [1;30mDEBUG[0m [32mFound 438 installed packages in /opt/ros/humble[0m
[0.313s] [34mcolcon.colcon_core.package_discovery[0m [1;30mLevel 1[0m discover_packages(prefix_path) using defaults
[0.353s] [34mcolcon.colcon_core.verb[0m [1;30mLevel 5[0m set package 'pointcloud_clustering' build argument 'cmake_args' from command line to 'None'
[0.353s] [34mcolcon.colcon_core.verb[0m [1;30mLevel 5[0m set package 'pointcloud_clustering' build argument 'cmake_target' from command line to 'None'
[0.353s] [34mcolcon.colcon_core.verb[0m [1;30mLevel 5[0m set package 'pointcloud_clustering' build argument 'cmake_target_skip_unavailable' from command line to 'False'
[0.353s] [34mcolcon.colcon_core.verb[0m [1;30mLevel 5[0m set package 'pointcloud_clustering' build argument 'cmake_clean_cache' from command line to 'False'
[0.353s] [34mcolcon.colcon_core.verb[0m [1;30mLevel 5[0m set package 'pointcloud_clustering' build argument 'cmake_clean_first' from command line to 'False'
[0.353s] [34mcolcon.colcon_core.verb[0m [1;30mLevel 5[0m set package 'pointcloud_clustering' build argument 'cmake_force_configure' from command line to 'False'
[0.353s] [34mcolcon.colcon_core.verb[0m [1;30mLevel 5[0m set package 'pointcloud_clustering' build argument 'ament_cmake_args' from command line to 'None'
[0.353s] [34mcolcon.colcon_core.verb[0m [1;30mLevel 5[0m set package 'pointcloud_clustering' build argument 'catkin_cmake_args' from command line to 'None'
[0.353s] [34mcolcon.colcon_core.verb[0m [1;30mLevel 5[0m set package 'pointcloud_clustering' build argument 'catkin_skip_building_tests' from command line to 'False'
[0.353s] [34mcolcon.colcon_core.verb[0m [1;30mDEBUG[0m [32mBuilding package 'pointcloud_clustering' with the following arguments: {'ament_cmake_args': None, 'build_base': '/home/snorlix/navpilot-framework/build/pointcloud_clustering', 'catkin_cmake_args': None, 'catkin_skip_building_tests': False, 'cmake_args': None, 'cmake_clean_cache': False, 'cmake_clean_first': False, 'cmake_force_configure': False, 'cmake_target': None, 'cmake_target_skip_unavailable': False, 'install_base': '/home/snorlix/navpilot-framework/install/pointcloud_clustering', 'merge_install': False, 'path': '/home/snorlix/navpilot-framework/workspace/navpilot_ws/src/lidar_modules/pointcloud_clustering', 'symlink_install': False, 'test_result_base': None}[0m
[0.354s] [34mcolcon.colcon_core.executor[0m [1;30mINFO[0m Executing jobs using 'parallel' executor
[0.354s] [34mcolcon.colcon_parallel_executor.executor.parallel[0m [1;30mDEBUG[0m [32mrun_until_complete[0m
[0.355s] [34mcolcon.colcon_ros.task.ament_cmake.build[0m [1;30mINFO[0m Building ROS package in '/home/snorlix/navpilot-framework/workspace/navpilot_ws/src/lidar_modules/pointcloud_clustering' with build type 'ament_cmake'
[0.355s] [34mcolcon.colcon_cmake.task.cmake.build[0m [1;30mINFO[0m Building CMake package in '/home/snorlix/navpilot-framework/workspace/navpilot_ws/src/lidar_modules/pointcloud_clustering'
[0.357s] [34mcolcon.colcon_core.plugin_system[0m [1;30mINFO[0m Skipping extension 'colcon_core.shell.bat': Not used on non-Windows systems
[0.357s] [34mcolcon.colcon_core.shell[0m [1;30mINFO[0m Skip shell extension 'powershell' for command environment: Not usable outside of PowerShell
[0.357s] [34mcolcon.colcon_core.shell[0m [1;30mDEBUG[0m [32mSkip shell extension 'dsv' for command environment[0m
[0.364s] [34mcolcon.colcon_core.event_handler.log_command[0m [1;30mDEBUG[0m [32mInvoking command in '/home/snorlix/navpilot-framework/build/pointcloud_clustering': CMAKE_PREFIX_PATH=${CMAKE_PREFIX_PATH}:/opt/ros/humble /usr/bin/cmake /home/snorlix/navpilot-framework/workspace/navpilot_ws/src/lidar_modules/pointcloud_clustering -DCMAKE_INSTALL_PREFIX=/home/snorlix/navpilot-framework/install/pointcloud_clustering[0m
[2.828s] [34mcolcon.colcon_core.event_handler.log_command[0m [1;30mDEBUG[0m [32mInvoked command in '/home/snorlix/navpilot-framework/build/pointcloud_clustering' returned '1': CMAKE_PREFIX_PATH=${CMAKE_PREFIX_PATH}:/opt/ros/humble /usr/bin/cmake /home/snorlix/navpilot-framework/workspace/navpilot_ws/src/lidar_modules/pointcloud_clustering -DCMAKE_INSTALL_PREFIX=/home/snorlix/navpilot-framework/install/pointcloud_clustering[0m
[2.837s] [34mcolcon.colcon_core.environment[0m [1;30mLevel 1[0m create_environment_scripts_only(pointcloud_clustering)
[2.839s] [34mcolcon.colcon_core.environment[0m [1;30mLevel 1[0m checking '/home/snorlix/navpilot-framework/install/pointcloud_clustering' for CMake module files
[2.839s] [34mcolcon.colcon_core.environment[0m [1;30mLevel 1[0m checking '/home/snorlix/navpilot-framework/install/pointcloud_clustering' for CMake config files
[2.839s] [34mcolcon.colcon_core.environment[0m [1;30mLevel 1[0m checking '/home/snorlix/navpilot-framework/install/pointcloud_clustering/bin'
[2.839s] [34mcolcon.colcon_core.environment[0m [1;30mLevel 1[0m checking '/home/snorlix/navpilot-framework/install/pointcloud_clustering/lib/pkgconfig/pointcloud_clustering.pc'
[2.840s] [34mcolcon.colcon_core.environment[0m [1;30mLevel 1[0m checking '/home/snorlix/navpilot-framework/install/pointcloud_clustering/lib/python3.10/site-packages'
[2.840s] [34mcolcon.colcon_core.environment[0m [1;30mLevel 1[0m checking '/home/snorlix/navpilot-framework/install/pointcloud_clustering/bin'
[2.840s] [34mcolcon.colcon_core.shell[0m [1;30mINFO[0m Creating package script '/home/snorlix/navpilot-framework/install/pointcloud_clustering/share/pointcloud_clustering/package.ps1'
[2.841s] [34mcolcon.colcon_core.shell[0m [1;30mINFO[0m Creating package descriptor '/home/snorlix/navpilot-framework/install/pointcloud_clustering/share/pointcloud_clustering/package.dsv'
[2.841s] [34mcolcon.colcon_core.shell[0m [1;30mINFO[0m Creating package script '/home/snorlix/navpilot-framework/install/pointcloud_clustering/share/pointcloud_clustering/package.sh'
[2.842s] [34mcolcon.colcon_core.shell[0m [1;30mINFO[0m Creating package script '/home/snorlix/navpilot-framework/install/pointcloud_clustering/share/pointcloud_clustering/package.bash'
[2.842s] [34mcolcon.colcon_core.shell[0m [1;30mINFO[0m Creating package script '/home/snorlix/navpilot-framework/install/pointcloud_clustering/share/pointcloud_clustering/package.zsh'
[2.843s] [34mcolcon.colcon_core.environment[0m [1;30mLevel 1[0m create_file_with_runtime_dependencies(/home/snorlix/navpilot-framework/install/pointcloud_clustering/share/colcon-core/packages/pointcloud_clustering)
[2.853s] [34mcolcon.colcon_parallel_executor.executor.parallel[0m [1;30mDEBUG[0m [32mclosing loop[0m
[2.853s] [34mcolcon.colcon_parallel_executor.executor.parallel[0m [1;30mDEBUG[0m [32mloop closed[0m
[2.853s] [34mcolcon.colcon_parallel_executor.executor.parallel[0m [1;30mDEBUG[0m [32mrun_until_complete finished with '1'[0m
[2.853s] [34mcolcon.colcon_core.event_reactor[0m [1;30mDEBUG[0m [32mjoining thread[0m
[2.858s] [34mcolcon.colcon_core.plugin_system[0m [1;30mINFO[0m Skipping extension 'colcon_notification.desktop_notification.terminal_notifier': Not used on non-Darwin systems
[2.858s] [34mcolcon.colcon_core.plugin_system[0m [1;30mINFO[0m Skipping extension 'colcon_notification.desktop_notification.win32': Not used on non-Windows systems
[2.858s] [34mcolcon.colcon_notification.desktop_notification[0m [1;30mINFO[0m Sending desktop notification using 'notify2'
[2.867s] [34mcolcon.colcon_core.event_reactor[0m [1;30mDEBUG[0m [32mjoined thread[0m
[2.867s] [34mcolcon.colcon_core.shell[0m [1;30mINFO[0m Creating prefix script '/home/snorlix/navpilot-framework/install/local_setup.ps1'
[2.868s] [34mcolcon.colcon_core.shell[0m [1;30mINFO[0m Creating prefix util module '/home/snorlix/navpilot-framework/install/_local_setup_util_ps1.py'
[2.870s] [34mcolcon.colcon_core.shell[0m [1;30mINFO[0m Creating prefix chain script '/home/snorlix/navpilot-framework/install/setup.ps1'
[2.872s] [34mcolcon.colcon_core.shell[0m [1;30mINFO[0m Creating prefix script '/home/snorlix/navpilot-framework/install/local_setup.sh'
[2.872s] [34mcolcon.colcon_core.shell[0m [1;30mINFO[0m Creating prefix util module '/home/snorlix/navpilot-framework/install/_local_setup_util_sh.py'
[2.873s] [34mcolcon.colcon_core.shell[0m [1;30mINFO[0m Creating prefix chain script '/home/snorlix/navpilot-framework/install/setup.sh'
[2.874s] [34mcolcon.colcon_core.shell[0m [1;30mINFO[0m Creating prefix script '/home/snorlix/navpilot-framework/install/local_setup.bash'
[2.874s] [34mcolcon.colcon_core.shell[0m [1;30mINFO[0m Creating prefix chain script '/home/snorlix/navpilot-framework/install/setup.bash'
[2.875s] [34mcolcon.colcon_core.shell[0m [1;30mINFO[0m Creating prefix script '/home/snorlix/navpilot-framework/install/local_setup.zsh'
[2.876s] [34mcolcon.colcon_core.shell[0m [1;30mINFO[0m Creating prefix chain script '/home/snorlix/navpilot-framework/install/setup.zsh'
