<?xml version="1.0" encoding="UTF-8"?>
<osm generator="VMB">
  <MetaInfo format_version="1" map_version="2" validation_version=""/>
  <node id="193" lat="48.74485473524" lon="7.64008586635">
    <tag k="local_x" v="26.5837"/>
    <tag k="local_y" v="-14.8599"/>
    <tag k="ele" v="-1.769"/>
  </node>
  <node id="194" lat="48.74445285932" lon="7.64010909528">
    <tag k="local_x" v="27.4941"/>
    <tag k="local_y" v="-59.5614"/>
    <tag k="ele" v="-1.7181"/>
  </node>
  <node id="196" lat="48.74485662927" lon="7.64013139647">
    <tag k="local_x" v="29.9345"/>
    <tag k="local_y" v="-14.7091"/>
    <tag k="ele" v="-1.656"/>
  </node>
  <node id="197" lat="48.74445676852" lon="7.6401649919">
    <tag k="local_x" v="31.611"/>
    <tag k="local_y" v="-59.2002"/>
    <tag k="ele" v="-1.7338"/>
  </node>
  <node id="200" lat="48.74497798987" lon="7.63982073729">
    <tag k="local_x" v="7.3379"/>
    <tag k="local_y" v="-0.8115"/>
    <tag k="ele" v="-2.0152"/>
  </node>
  <node id="201" lat="48.74498615814" lon="7.64004682517">
    <tag k="local_x" v="23.9744"/>
    <tag k="local_y" v="-0.2002"/>
    <tag k="ele" v="-1.4248"/>
  </node>
  <node id="203" lat="48.74500197607" lon="7.6398208258">
    <tag k="local_x" v="7.392"/>
    <tag k="local_y" v="1.8546"/>
    <tag k="ele" v="-2.0143"/>
  </node>
  <node id="204" lat="48.74500820644" lon="7.64004576358">
    <tag k="local_x" v="23.9401"/>
    <tag k="local_y" v="2.252"/>
    <tag k="ele" v="-1.4013"/>
  </node>
  <node id="207" lat="48.74493866801" lon="7.6400814099">
    <tag k="local_x" v="26.4226"/>
    <tag k="local_y" v="-5.5244"/>
    <tag k="ele" v="-1.3599"/>
  </node>
  <node id="208" lat="48.7448640698" lon="7.6400849479">
    <tag k="local_x" v="26.5347"/>
    <tag k="local_y" v="-13.8211"/>
    <tag k="ele" v="-1.4823"/>
  </node>
  <node id="210" lat="48.74494439979" lon="7.64012754253">
    <tag k="local_x" v="29.8253"/>
    <tag k="local_y" v="-4.9478"/>
    <tag k="ele" v="-1.3105"/>
  </node>
  <node id="211" lat="48.74486571127" lon="7.6401306508">
    <tag k="local_x" v="29.8977"/>
    <tag k="local_y" v="-13.6986"/>
    <tag k="ele" v="-1.405"/>
  </node>
  <node id="214" lat="48.74441158127" lon="7.64013454351">
    <tag k="local_x" v="29.283"/>
    <tag k="local_y" v="-64.1831"/>
    <tag k="ele" v="-1.6892"/>
  </node>
  <node id="215" lat="48.74430636479" lon="7.64026644058">
    <tag k="local_x" v="38.7705"/>
    <tag k="local_y" v="-76.0516"/>
    <tag k="ele" v="-1.254"/>
  </node>
  <node id="217" lat="48.7444311322" lon="7.64018280028">
    <tag k="local_x" v="32.8693"/>
    <tag k="local_y" v="-62.0732"/>
    <tag k="ele" v="-1.6491"/>
  </node>
  <node id="218" lat="48.74432390052" lon="7.64030433182">
    <tag k="local_x" v="41.5908"/>
    <tag k="local_y" v="-74.1521"/>
    <tag k="ele" v="-1.0061"/>
  </node>
  <node id="221" lat="48.74427935193" lon="7.64027593244">
    <tag k="local_x" v="39.4147"/>
    <tag k="local_y" v="-79.0667"/>
    <tag k="ele" v="-1.2368"/>
  </node>
  <node id="222" lat="48.74397002305" lon="7.64029518932">
    <tag k="local_x" v="40.2168"/>
    <tag k="local_y" v="-113.4758"/>
    <tag k="ele" v="-0.8334"/>
  </node>
  <node id="224" lat="48.74427625492" lon="7.64032338548">
    <tag k="local_x" v="42.897"/>
    <tag k="local_y" v="-79.4732"/>
    <tag k="ele" v="-0.9527"/>
  </node>
  <node id="225" lat="48.74396692692" lon="7.64034264205">
    <tag k="local_x" v="43.6991"/>
    <tag k="local_y" v="-113.8822"/>
    <tag k="ele" v="-0.6099"/>
  </node>
  <node id="228" lat="48.74394805424" lon="7.64029734638">
    <tag k="local_x" v="40.3318"/>
    <tag k="local_y" v="-115.9206"/>
    <tag k="ele" v="-0.7033"/>
  </node>
  <node id="229" lat="48.74367009074" lon="7.64031222817">
    <tag k="local_x" v="40.8745"/>
    <tag k="local_y" v="-146.8375"/>
    <tag k="ele" v="-0.3026"/>
  </node>
  <node id="231" lat="48.74394927517" lon="7.64034195389">
    <tag k="local_x" v="43.6135"/>
    <tag k="local_y" v="-115.8434"/>
    <tag k="ele" v="-0.5704"/>
  </node>
  <node id="232" lat="48.7436709182" lon="7.64035734119">
    <tag k="local_x" v="44.1926"/>
    <tag k="local_y" v="-146.8047"/>
    <tag k="ele" v="-0.2449"/>
  </node>
  <node id="235" lat="48.74359356329" lon="7.640361625">
    <tag k="local_x" v="44.3541"/>
    <tag k="local_y" v="-155.4088"/>
    <tag k="ele" v="-0.0806"/>
  </node>
  <node id="236" lat="48.74346936004" lon="7.64055423722">
    <tag k="local_x" v="58.2676"/>
    <tag k="local_y" v="-169.4674"/>
    <tag k="ele" v="0.2327"/>
  </node>
  <node id="238" lat="48.74361663376" lon="7.64038970031">
    <tag k="local_x" v="46.4638"/>
    <tag k="local_y" v="-152.8812"/>
    <tag k="ele" v="-0.0615"/>
  </node>
  <node id="239" lat="48.74349282302" lon="7.64058180546">
    <tag k="local_x" v="60.3408"/>
    <tag k="local_y" v="-166.8955"/>
    <tag k="ele" v="0.2327"/>
  </node>
  <node id="242" lat="48.74345057018" lon="7.64067546675">
    <tag k="local_x" v="67.1425"/>
    <tag k="local_y" v="-171.715"/>
    <tag k="ele" v="0.5199"/>
  </node>
  <node id="243" lat="48.74345672143" lon="7.64089894706">
    <tag k="local_x" v="83.5838"/>
    <tag k="local_y" v="-171.3243"/>
    <tag k="ele" v="1.0351"/>
  </node>
  <node id="245" lat="48.74348492356" lon="7.64067378384">
    <tag k="local_x" v="67.0869"/>
    <tag k="local_y" v="-167.8942"/>
    <tag k="ele" v="0.3866"/>
  </node>
  <node id="246" lat="48.7434910721" lon="7.64089726302">
    <tag k="local_x" v="83.5281"/>
    <tag k="local_y" v="-167.5038"/>
    <tag k="ele" v="0.9657"/>
  </node>
  <node id="268" lat="48.74343656867" lon="7.64181826341">
    <tag k="local_x" v="151.1272"/>
    <tag k="local_y" v="-174.7694"/>
    <tag k="ele" v="2.7005"/>
  </node>
  <node id="269" lat="48.74321087088" lon="7.64183038277">
    <tag k="local_x" v="151.571"/>
    <tag k="local_y" v="-199.873"/>
    <tag k="ele" v="2.9903"/>
  </node>
  <node id="271" lat="48.74343501692" lon="7.64186772793">
    <tag k="local_x" v="154.7605"/>
    <tag k="local_y" v="-175.0067"/>
    <tag k="ele" v="2.7729"/>
  </node>
  <node id="272" lat="48.74320932085" lon="7.64187984158">
    <tag k="local_x" v="155.2039"/>
    <tag k="local_y" v="-200.1101"/>
    <tag k="ele" v="3.1221"/>
  </node>
  <node id="275" lat="48.7431799913" lon="7.64180851216">
    <tag k="local_x" v="149.902"/>
    <tag k="local_y" v="-203.2768"/>
    <tag k="ele" v="2.9855"/>
  </node>
  <node id="276" lat="48.74316647225" lon="7.64176216778">
    <tag k="local_x" v="146.4682"/>
    <tag k="local_y" v="-204.7188"/>
    <tag k="ele" v="3.127"/>
  </node>
  <node id="278" lat="48.743147437" lon="7.64183002331">
    <tag k="local_x" v="151.4189"/>
    <tag k="local_y" v="-206.9236"/>
    <tag k="ele" v="3.0991"/>
  </node>
  <node id="279" lat="48.74313391796" lon="7.64178367896">
    <tag k="local_x" v="147.9851"/>
    <tag k="local_y" v="-208.3656"/>
    <tag k="ele" v="3.1965"/>
  </node>
  <node id="282" lat="48.74316641214" lon="7.64172127717">
    <tag k="local_x" v="143.462"/>
    <tag k="local_y" v="-204.6719"/>
    <tag k="ele" v="3.1303"/>
  </node>
  <node id="283" lat="48.74320067465" lon="7.64160894404">
    <tag k="local_x" v="135.2717"/>
    <tag k="local_y" v="-200.7162"/>
    <tag k="ele" v="2.8857"/>
  </node>
  <node id="285" lat="48.74313750457" lon="7.64170627724">
    <tag k="local_x" v="142.302"/>
    <tag k="local_y" v="-207.8655"/>
    <tag k="ele" v="3.1802"/>
  </node>
  <node id="286" lat="48.74317176617" lon="7.64159394418">
    <tag k="local_x" v="134.1117"/>
    <tag k="local_y" v="-203.9099"/>
    <tag k="ele" v="2.9211"/>
  </node>
  <node id="289" lat="48.74320883138" lon="7.64159068572">
    <tag k="local_x" v="133.9456"/>
    <tag k="local_y" v="-199.7856"/>
    <tag k="ele" v="2.7725"/>
  </node>
  <node id="290" lat="48.7433136081" lon="7.64140679231">
    <tag k="local_x" v="120.6343"/>
    <tag k="local_y" v="-187.898"/>
    <tag k="ele" v="2.1961"/>
  </node>
  <node id="292" lat="48.74318366651" lon="7.64156204626">
    <tag k="local_x" v="131.7903"/>
    <tag k="local_y" v="-202.5453"/>
    <tag k="ele" v="2.78"/>
  </node>
  <node id="293" lat="48.7432884478" lon="7.64137816364">
    <tag k="local_x" v="118.4798"/>
    <tag k="local_y" v="-190.6572"/>
    <tag k="ele" v="2.1439"/>
  </node>
  <node id="296" lat="48.74332269759" lon="7.64139783068">
    <tag k="local_x" v="119.9935"/>
    <tag k="local_y" v="-186.8759"/>
    <tag k="ele" v="2.1598"/>
  </node>
  <node id="297" lat="48.74345537957" lon="7.64124473963">
    <tag k="local_x" v="109.002"/>
    <tag k="local_y" v="-171.9268"/>
    <tag k="ele" v="1.5227"/>
  </node>
  <node id="299" lat="48.74330413838" lon="7.64136046798">
    <tag k="local_x" v="117.21"/>
    <tag k="local_y" v="-188.8899"/>
    <tag k="ele" v="2.0695"/>
  </node>
  <node id="300" lat="48.74343682305" lon="7.64120738089">
    <tag k="local_x" v="106.2188"/>
    <tag k="local_y" v="-173.9405"/>
    <tag k="ele" v="1.505"/>
  </node>
  <node id="303" lat="48.74500814934" lon="7.64005464524">
    <tag k="local_x" v="24.5929"/>
    <tag k="local_y" v="2.234"/>
    <tag k="ele" v="-1.4131"/>
  </node>
  <node id="304" lat="48.74500788636" lon="7.64006201435">
    <tag k="local_x" v="25.1341"/>
    <tag k="local_y" v="2.1951"/>
    <tag k="ele" v="-1.4131"/>
  </node>
  <node id="305" lat="48.74500696073" lon="7.64007010191">
    <tag k="local_x" v="25.7268"/>
    <tag k="local_y" v="2.0816"/>
    <tag k="ele" v="-1.4131"/>
  </node>
  <node id="306" lat="48.74500542146" lon="7.64007802918">
    <tag k="local_x" v="26.3065"/>
    <tag k="local_y" v="1.9001"/>
    <tag k="ele" v="-1.4131"/>
  </node>
  <node id="307" lat="48.7450032799" lon="7.64008569112">
    <tag k="local_x" v="26.8655"/>
    <tag k="local_y" v="1.652"/>
    <tag k="ele" v="-1.4131"/>
  </node>
  <node id="308" lat="48.74500055729" lon="7.64009298105">
    <tag k="local_x" v="27.396"/>
    <tag k="local_y" v="1.3398"/>
    <tag k="ele" v="-1.4131"/>
  </node>
  <node id="309" lat="48.74499728122" lon="7.64009979892">
    <tag k="local_x" v="27.8907"/>
    <tag k="local_y" v="0.9667"/>
    <tag k="ele" v="-1.4131"/>
  </node>
  <node id="310" lat="48.74499348834" lon="7.64010604717">
    <tag k="local_x" v="28.3425"/>
    <tag k="local_y" v="0.5369"/>
    <tag k="ele" v="-1.4131"/>
  </node>
  <node id="311" lat="48.74498922168" lon="7.64011163756">
    <tag k="local_x" v="28.745"/>
    <tag k="local_y" v="0.0553"/>
    <tag k="ele" v="-1.4131"/>
  </node>
  <node id="312" lat="48.74498453155" lon="7.64011648713">
    <tag k="local_x" v="29.0922"/>
    <tag k="local_y" v="-0.4724"/>
    <tag k="ele" v="-1.4131"/>
  </node>
  <node id="313" lat="48.74497947465" lon="7.64012052225">
    <tag k="local_x" v="29.3788"/>
    <tag k="local_y" v="-1.0398"/>
    <tag k="ele" v="-1.4131"/>
  </node>
  <node id="314" lat="48.74497411231" lon="7.64012368004">
    <tag k="local_x" v="29.6003"/>
    <tag k="local_y" v="-1.64"/>
    <tag k="ele" v="-1.4131"/>
  </node>
  <node id="315" lat="48.74496923064" lon="7.64012571621">
    <tag k="local_x" v="29.7403"/>
    <tag k="local_y" v="-2.1853"/>
    <tag k="ele" v="-1.4131"/>
  </node>
  <node id="316" lat="48.74498619474" lon="7.64005106972">
    <tag k="local_x" v="24.2865"/>
    <tag k="local_y" v="-0.2017"/>
    <tag k="ele" v="-1.4131"/>
  </node>
  <node id="317" lat="48.74498545109" lon="7.64005673917">
    <tag k="local_x" v="24.7018"/>
    <tag k="local_y" v="-0.2918"/>
    <tag k="ele" v="-1.4131"/>
  </node>
  <node id="318" lat="48.74498439633" lon="7.64006143214">
    <tag k="local_x" v="25.0447"/>
    <tag k="local_y" v="-0.4152"/>
    <tag k="ele" v="-1.4131"/>
  </node>
  <node id="319" lat="48.7449830092" lon="7.64006586202">
    <tag k="local_x" v="25.3676"/>
    <tag k="local_y" v="-0.5752"/>
    <tag k="ele" v="-1.4131"/>
  </node>
  <node id="320" lat="48.74498131337" lon="7.64006997648">
    <tag k="local_x" v="25.6667"/>
    <tag k="local_y" v="-0.7691"/>
    <tag k="ele" v="-1.4131"/>
  </node>
  <node id="321" lat="48.74497933975" lon="7.64007372571">
    <tag k="local_x" v="25.9384"/>
    <tag k="local_y" v="-0.9934"/>
    <tag k="ele" v="-1.4131"/>
  </node>
  <node id="322" lat="48.74497711933" lon="7.64007706942">
    <tag k="local_x" v="26.1798"/>
    <tag k="local_y" v="-1.2446"/>
    <tag k="ele" v="-1.4131"/>
  </node>
  <node id="323" lat="48.7449746886" lon="7.64007997263">
    <tag k="local_x" v="26.3884"/>
    <tag k="local_y" v="-1.5186"/>
    <tag k="ele" v="-1.4131"/>
  </node>
  <node id="324" lat="48.74497208407" lon="7.64008240442">
    <tag k="local_x" v="26.562"/>
    <tag k="local_y" v="-1.8113"/>
    <tag k="ele" v="-1.4131"/>
  </node>
  <node id="325" lat="48.74496934511" lon="7.64008434604">
    <tag k="local_x" v="26.6993"/>
    <tag k="local_y" v="-2.1183"/>
    <tag k="ele" v="-1.4131"/>
  </node>
  <node id="326" lat="48.7449665102" lon="7.64008578013">
    <tag k="local_x" v="26.7991"/>
    <tag k="local_y" v="-2.4353"/>
    <tag k="ele" v="-1.4131"/>
  </node>
  <node id="327" lat="48.74496362065" lon="7.6400867015">
    <tag k="local_x" v="26.8611"/>
    <tag k="local_y" v="-2.7577"/>
    <tag k="ele" v="-1.4131"/>
  </node>
  <node id="328" lat="48.7449599977" lon="7.64008730122">
    <tag k="local_x" v="26.898"/>
    <tag k="local_y" v="-3.1612"/>
    <tag k="ele" v="-1.4131"/>
  </node>
  <node id="335" lat="48.74445317811" lon="7.6401653758">
    <tag k="local_x" v="31.6321"/>
    <tag k="local_y" v="-59.5998"/>
    <tag k="ele" v="-1.726"/>
  </node>
  <node id="336" lat="48.74444931736" lon="7.64016686476">
    <tag k="local_x" v="31.7339"/>
    <tag k="local_y" v="-60.0309"/>
    <tag k="ele" v="-1.726"/>
  </node>
  <node id="337" lat="48.7444460706" lon="7.6401686201">
    <tag k="local_x" v="31.8565"/>
    <tag k="local_y" v="-60.3941"/>
    <tag k="ele" v="-1.726"/>
  </node>
  <node id="338" lat="48.74444294869" lon="7.64017073934">
    <tag k="local_x" v="32.0061"/>
    <tag k="local_y" v="-60.7439"/>
    <tag k="ele" v="-1.726"/>
  </node>
  <node id="339" lat="48.74443997027" lon="7.64017320159">
    <tag k="local_x" v="32.1812"/>
    <tag k="local_y" v="-61.0782"/>
    <tag k="ele" v="-1.726"/>
  </node>
  <node id="340" lat="48.74443715131" lon="7.64017598737">
    <tag k="local_x" v="32.3804"/>
    <tag k="local_y" v="-61.3952"/>
    <tag k="ele" v="-1.726"/>
  </node>
  <node id="341" lat="48.74443400874" lon="7.64017955725">
    <tag k="local_x" v="32.6366"/>
    <tag k="local_y" v="-61.7492"/>
    <tag k="ele" v="-1.726"/>
  </node>
  <node id="342" lat="48.74444655386" lon="7.64011199827">
    <tag k="local_x" v="27.695"/>
    <tag k="local_y" v="-60.2661"/>
    <tag k="ele" v="-1.726"/>
  </node>
  <node id="343" lat="48.74444187317" lon="7.64011642856">
    <tag k="local_x" v="28.0114"/>
    <tag k="local_y" v="-60.7922"/>
    <tag k="ele" v="-1.726"/>
  </node>
  <node id="344" lat="48.74443639303" lon="7.64011791361">
    <tag k="local_x" v="28.1097"/>
    <tag k="local_y" v="-61.4033"/>
    <tag k="ele" v="-1.726"/>
  </node>
  <node id="345" lat="48.74443097905" lon="7.64012004982">
    <tag k="local_x" v="28.256"/>
    <tag k="local_y" v="-62.0079"/>
    <tag k="ele" v="-1.726"/>
  </node>
  <node id="346" lat="48.74442566535" lon="7.64012283082">
    <tag k="local_x" v="28.4499"/>
    <tag k="local_y" v="-62.6022"/>
    <tag k="ele" v="-1.726"/>
  </node>
  <node id="347" lat="48.74442048596" lon="7.64012624482">
    <tag k="local_x" v="28.6906"/>
    <tag k="local_y" v="-63.1824"/>
    <tag k="ele" v="-1.726"/>
  </node>
  <node id="348" lat="48.74441597298" lon="7.64012979183">
    <tag k="local_x" v="28.9424"/>
    <tag k="local_y" v="-63.6887"/>
    <tag k="ele" v="-1.726"/>
  </node>
  <node id="355" lat="48.74431879187" lon="7.64031160576">
    <tag k="local_x" v="42.1154"/>
    <tag k="local_y" v="-74.7295"/>
    <tag k="ele" v="-1.13"/>
  </node>
  <node id="356" lat="48.74431322251" lon="7.64031544106">
    <tag k="local_x" v="42.3863"/>
    <tag k="local_y" v="-75.3536"/>
    <tag k="ele" v="-1.13"/>
  </node>
  <node id="357" lat="48.74430622383" lon="7.64031944551">
    <tag k="local_x" v="42.6668"/>
    <tag k="local_y" v="-76.1368"/>
    <tag k="ele" v="-1.13"/>
  </node>
  <node id="358" lat="48.74430534545" lon="7.64026773179">
    <tag k="local_x" v="38.8634"/>
    <tag k="local_y" v="-76.1666"/>
    <tag k="ele" v="-1.13"/>
  </node>
  <node id="359" lat="48.74430168594" lon="7.64027041645">
    <tag k="local_x" v="39.0535"/>
    <tag k="local_y" v="-76.5769"/>
    <tag k="ele" v="-1.13"/>
  </node>
  <node id="360" lat="48.74429705525" lon="7.64027306202">
    <tag k="local_x" v="39.2388"/>
    <tag k="local_y" v="-77.0951"/>
    <tag k="ele" v="-1.13"/>
  </node>
  <node id="423" lat="48.74349143271" lon="7.64090495379">
    <tag k="local_x" v="84.0942"/>
    <tag k="local_y" v="-167.4738"/>
    <tag k="ele" v="0.9819"/>
  </node>
  <node id="424" lat="48.74349742215" lon="7.64112809997">
    <tag k="local_x" v="100.5106"/>
    <tag k="local_y" v="-167.1006"/>
    <tag k="ele" v="1.2846"/>
  </node>
  <node id="425" lat="48.74345732931" lon="7.64090921976">
    <tag k="local_x" v="84.3402"/>
    <tag k="local_y" v="-171.2702"/>
    <tag k="ele" v="1.0321"/>
  </node>
  <node id="426" lat="48.74346348011" lon="7.64113270014">
    <tag k="local_x" v="100.7815"/>
    <tag k="local_y" v="-170.8795"/>
    <tag k="ele" v="1.3328"/>
  </node>
  <node id="433" lat="48.74349484631" lon="7.64117713241">
    <tag k="local_x" v="104.1101"/>
    <tag k="local_y" v="-167.4512"/>
    <tag k="ele" v="1.3958"/>
  </node>
  <node id="434" lat="48.74350115254" lon="7.64140094479">
    <tag k="local_x" v="120.5761"/>
    <tag k="local_y" v="-167.0436"/>
    <tag k="ele" v="1.7498"/>
  </node>
  <node id="435" lat="48.74345852965" lon="7.64117963239">
    <tag k="local_x" v="104.2219"/>
    <tag k="local_y" v="-171.4913"/>
    <tag k="ele" v="1.4415"/>
  </node>
  <node id="436" lat="48.74346467993" lon="7.64140311282">
    <tag k="local_x" v="120.6632"/>
    <tag k="local_y" v="-171.1006"/>
    <tag k="ele" v="1.8341"/>
  </node>
  <node id="443" lat="48.74350166279" lon="7.64141919268">
    <tag k="local_x" v="121.9186"/>
    <tag k="local_y" v="-167.0108"/>
    <tag k="ele" v="1.7772"/>
  </node>
  <node id="444" lat="48.74351157537" lon="7.64171314966">
    <tag k="local_x" v="143.5484"/>
    <tag k="local_y" v="-166.2942"/>
    <tag k="ele" v="2.3571"/>
  </node>
  <node id="445" lat="48.74346556816" lon="7.64142266862">
    <tag k="local_x" v="122.1026"/>
    <tag k="local_y" v="-171.0275"/>
    <tag k="ele" v="1.8559"/>
  </node>
  <node id="446" lat="48.7434731172" lon="7.64171706724">
    <tag k="local_x" v="143.7602"/>
    <tag k="local_y" v="-170.5742"/>
    <tag k="ele" v="2.3286"/>
  </node>
  <node id="453" lat="48.74351034218" lon="7.64175887852">
    <tag k="local_x" v="146.9077"/>
    <tag k="local_y" v="-166.4912"/>
    <tag k="ele" v="2.3811"/>
  </node>
  <node id="454" lat="48.74350989271" lon="7.64176653945">
    <tag k="local_x" v="147.47"/>
    <tag k="local_y" v="-166.5512"/>
    <tag k="ele" v="2.4816"/>
  </node>
  <node id="455" lat="48.7435089793" lon="7.64177513922">
    <tag k="local_x" v="148.1004"/>
    <tag k="local_y" v="-166.664"/>
    <tag k="ele" v="2.4923"/>
  </node>
  <node id="456" lat="48.74350764323" lon="7.64178360076">
    <tag k="local_x" v="148.7198"/>
    <tag k="local_y" v="-166.8236"/>
    <tag k="ele" v="2.5016"/>
  </node>
  <node id="457" lat="48.74350589203" lon="7.64179187624">
    <tag k="local_x" v="149.3247"/>
    <tag k="local_y" v="-167.0291"/>
    <tag k="ele" v="2.5442"/>
  </node>
  <node id="458" lat="48.74350373686" lon="7.64179991912">
    <tag k="local_x" v="149.9117"/>
    <tag k="local_y" v="-167.2792"/>
    <tag k="ele" v="2.5882"/>
  </node>
  <node id="459" lat="48.74350119068" lon="7.64180768552">
    <tag k="local_x" v="150.4776"/>
    <tag k="local_y" v="-167.5724"/>
    <tag k="ele" v="2.6356"/>
  </node>
  <node id="460" lat="48.74349826918" lon="7.64181513149">
    <tag k="local_x" v="151.0192"/>
    <tag k="local_y" v="-167.9069"/>
    <tag k="ele" v="2.6408"/>
  </node>
  <node id="461" lat="48.74349498895" lon="7.64182221577">
    <tag k="local_x" v="151.5335"/>
    <tag k="local_y" v="-168.2808"/>
    <tag k="ele" v="2.6457"/>
  </node>
  <node id="462" lat="48.74349137114" lon="7.64182889971">
    <tag k="local_x" v="152.0177"/>
    <tag k="local_y" v="-168.6917"/>
    <tag k="ele" v="2.6904"/>
  </node>
  <node id="463" lat="48.74348743509" lon="7.64183514469">
    <tag k="local_x" v="152.469"/>
    <tag k="local_y" v="-169.1374"/>
    <tag k="ele" v="2.7696"/>
  </node>
  <node id="464" lat="48.74348320468" lon="7.64184091743">
    <tag k="local_x" v="152.885"/>
    <tag k="local_y" v="-169.6152"/>
    <tag k="ele" v="2.728"/>
  </node>
  <node id="465" lat="48.74347870565" lon="7.6418461873">
    <tag k="local_x" v="153.2635"/>
    <tag k="local_y" v="-170.1222"/>
    <tag k="ele" v="2.7041"/>
  </node>
  <node id="466" lat="48.74347396195" lon="7.6418509251">
    <tag k="local_x" v="153.6024"/>
    <tag k="local_y" v="-170.6557"/>
    <tag k="ele" v="2.7061"/>
  </node>
  <node id="467" lat="48.74346900205" lon="7.64185510421">
    <tag k="local_x" v="153.8998"/>
    <tag k="local_y" v="-171.2125"/>
    <tag k="ele" v="2.7144"/>
  </node>
  <node id="468" lat="48.74346385538" lon="7.64185870344">
    <tag k="local_x" v="154.1542"/>
    <tag k="local_y" v="-171.7893"/>
    <tag k="ele" v="2.7191"/>
  </node>
  <node id="469" lat="48.74345855052" lon="7.64186170433">
    <tag k="local_x" v="154.3643"/>
    <tag k="local_y" v="-172.3829"/>
    <tag k="ele" v="2.7187"/>
  </node>
  <node id="470" lat="48.74345311786" lon="7.64186408974">
    <tag k="local_x" v="154.5289"/>
    <tag k="local_y" v="-172.9899"/>
    <tag k="ele" v="2.7489"/>
  </node>
  <node id="471" lat="48.74344758876" lon="7.64186584931">
    <tag k="local_x" v="154.6473"/>
    <tag k="local_y" v="-173.6068"/>
    <tag k="ele" v="2.7477"/>
  </node>
  <node id="472" lat="48.74344260582" lon="7.6418668528">
    <tag k="local_x" v="154.7112"/>
    <tag k="local_y" v="-174.162"/>
    <tag k="ele" v="2.7583"/>
  </node>
  <node id="473" lat="48.74347417614" lon="7.6417551535">
    <tag k="local_x" v="146.5622"/>
    <tag k="local_y" v="-170.5064"/>
    <tag k="ele" v="2.3649"/>
  </node>
  <node id="474" lat="48.74347402665" lon="7.64176078769">
    <tag k="local_x" v="146.9761"/>
    <tag k="local_y" v="-170.5304"/>
    <tag k="ele" v="2.3832"/>
  </node>
  <node id="475" lat="48.74347368131" lon="7.64176537704">
    <tag k="local_x" v="147.3128"/>
    <tag k="local_y" v="-170.5748"/>
    <tag k="ele" v="2.4487"/>
  </node>
  <node id="476" lat="48.74347310698" lon="7.64176992494">
    <tag k="local_x" v="147.646"/>
    <tag k="local_y" v="-170.6446"/>
    <tag k="ele" v="2.4668"/>
  </node>
  <node id="477" lat="48.74347230691" lon="7.64177440275">
    <tag k="local_x" v="147.9736"/>
    <tag k="local_y" v="-170.7394"/>
    <tag k="ele" v="2.4675"/>
  </node>
  <node id="478" lat="48.74347128355" lon="7.64177878864">
    <tag k="local_x" v="148.294"/>
    <tag k="local_y" v="-170.8589"/>
    <tag k="ele" v="2.4966"/>
  </node>
  <node id="479" lat="48.74347004195" lon="7.64178305391">
    <tag k="local_x" v="148.6051"/>
    <tag k="local_y" v="-171.0025"/>
    <tag k="ele" v="2.5298"/>
  </node>
  <node id="480" lat="48.74346858815" lon="7.64178717526">
    <tag k="local_x" v="148.9052"/>
    <tag k="local_y" v="-171.1695"/>
    <tag k="ele" v="2.5491"/>
  </node>
  <node id="481" lat="48.74346692995" lon="7.64179112937">
    <tag k="local_x" v="149.1926"/>
    <tag k="local_y" v="-171.359"/>
    <tag k="ele" v="2.5885"/>
  </node>
  <node id="482" lat="48.74346507606" lon="7.64179489015">
    <tag k="local_x" v="149.4654"/>
    <tag k="local_y" v="-171.57"/>
    <tag k="ele" v="2.5994"/>
  </node>
  <node id="483" lat="48.74346303523" lon="7.64179843833">
    <tag k="local_x" v="149.7222"/>
    <tag k="local_y" v="-171.8015"/>
    <tag k="ele" v="2.5953"/>
  </node>
  <node id="484" lat="48.7434608189" lon="7.64180175183">
    <tag k="local_x" v="149.9614"/>
    <tag k="local_y" v="-172.0522"/>
    <tag k="ele" v="2.6013"/>
  </node>
  <node id="485" lat="48.74345843854" lon="7.64180480994">
    <tag k="local_x" v="150.1815"/>
    <tag k="local_y" v="-172.3208"/>
    <tag k="ele" v="2.6013"/>
  </node>
  <node id="486" lat="48.7434559074" lon="7.64180759461">
    <tag k="local_x" v="150.3812"/>
    <tag k="local_y" v="-172.6058"/>
    <tag k="ele" v="2.6072"/>
  </node>
  <node id="487" lat="48.7434532388" lon="7.64181008917">
    <tag k="local_x" v="150.5593"/>
    <tag k="local_y" v="-172.9057"/>
    <tag k="ele" v="2.6414"/>
  </node>
  <node id="488" lat="48.74345044785" lon="7.64181227825">
    <tag k="local_x" v="150.7147"/>
    <tag k="local_y" v="-173.2188"/>
    <tag k="ele" v="2.6491"/>
  </node>
  <node id="489" lat="48.74344754968" lon="7.64181414783">
    <tag k="local_x" v="150.8464"/>
    <tag k="local_y" v="-173.5434"/>
    <tag k="ele" v="2.6619"/>
  </node>
  <node id="490" lat="48.74344455942" lon="7.64181568527">
    <tag k="local_x" v="150.9535"/>
    <tag k="local_y" v="-173.8778"/>
    <tag k="ele" v="2.6862"/>
  </node>
  <node id="491" lat="48.74344149497" lon="7.64181688056">
    <tag k="local_x" v="151.0353"/>
    <tag k="local_y" v="-174.22"/>
    <tag k="ele" v="2.7005"/>
  </node>
  <node id="492" lat="48.74343776207" lon="7.64181784629">
    <tag k="local_x" v="151.0989"/>
    <tag k="local_y" v="-174.6362"/>
    <tag k="ele" v="2.6523"/>
  </node>
  <node id="496" lat="48.74319590621" lon="7.64187997864">
    <tag k="local_x" v="155.1874"/>
    <tag k="local_y" v="-201.6014"/>
    <tag k="ele" v="3.1338"/>
  </node>
  <node id="497" lat="48.74319066433" lon="7.64187916363">
    <tag k="local_x" v="155.1171"/>
    <tag k="local_y" v="-202.183"/>
    <tag k="ele" v="3.1223"/>
  </node>
  <node id="498" lat="48.74318462731" lon="7.64187721519">
    <tag k="local_x" v="154.9619"/>
    <tag k="local_y" v="-202.8515"/>
    <tag k="ele" v="3.1648"/>
  </node>
  <node id="499" lat="48.74317874872" lon="7.64187428309">
    <tag k="local_x" v="154.7347"/>
    <tag k="local_y" v="-203.5011"/>
    <tag k="ele" v="3.1583"/>
  </node>
  <node id="500" lat="48.74317309997" lon="7.64187039534">
    <tag k="local_x" v="154.4377"/>
    <tag k="local_y" v="-204.1239"/>
    <tag k="ele" v="3.1635"/>
  </node>
  <node id="501" lat="48.74316774725" lon="7.64186559639">
    <tag k="local_x" v="154.0743"/>
    <tag k="local_y" v="-204.7126"/>
    <tag k="ele" v="3.1599"/>
  </node>
  <node id="502" lat="48.7431627568" lon="7.64185993344">
    <tag k="local_x" v="153.6481"/>
    <tag k="local_y" v="-205.2599"/>
    <tag k="ele" v="3.1771"/>
  </node>
  <node id="503" lat="48.74315818787" lon="7.64185347289">
    <tag k="local_x" v="153.1641"/>
    <tag k="local_y" v="-205.7593"/>
    <tag k="ele" v="3.1835"/>
  </node>
  <node id="504" lat="48.74315409704" lon="7.6418462826">
    <tag k="local_x" v="152.6274"/>
    <tag k="local_y" v="-206.2046"/>
    <tag k="ele" v="3.1192"/>
  </node>
  <node id="505" lat="48.74315103788" lon="7.6418396848">
    <tag k="local_x" v="152.1363"/>
    <tag k="local_y" v="-206.536"/>
    <tag k="ele" v="3.157"/>
  </node>
  <node id="506" lat="48.74320005355" lon="7.64183083072">
    <tag k="local_x" v="151.5825"/>
    <tag k="local_y" v="-201.076"/>
    <tag k="ele" v="3.001"/>
  </node>
  <node id="507" lat="48.74319661941" lon="7.64182997108">
    <tag k="local_x" v="151.5125"/>
    <tag k="local_y" v="-201.4566"/>
    <tag k="ele" v="2.9933"/>
  </node>
  <node id="508" lat="48.74319415007" lon="7.64182883924">
    <tag k="local_x" v="151.4244"/>
    <tag k="local_y" v="-201.7296"/>
    <tag k="ele" v="2.9937"/>
  </node>
  <node id="509" lat="48.74319179218" lon="7.64182731807">
    <tag k="local_x" v="151.3079"/>
    <tag k="local_y" v="-201.9897"/>
    <tag k="ele" v="2.9933"/>
  </node>
  <node id="510" lat="48.74318957124" lon="7.64182543139">
    <tag k="local_x" v="151.1648"/>
    <tag k="local_y" v="-202.2341"/>
    <tag k="ele" v="2.9859"/>
  </node>
  <node id="511" lat="48.74318751274" lon="7.64182320706">
    <tag k="local_x" v="150.9972"/>
    <tag k="local_y" v="-202.46"/>
    <tag k="ele" v="2.9859"/>
  </node>
  <node id="512" lat="48.74318563774" lon="7.64182067445">
    <tag k="local_x" v="150.8073"/>
    <tag k="local_y" v="-202.6651"/>
    <tag k="ele" v="2.985"/>
  </node>
  <node id="513" lat="48.74318396643" lon="7.64181786838">
    <tag k="local_x" v="150.5977"/>
    <tag k="local_y" v="-202.8472"/>
    <tag k="ele" v="2.9809"/>
  </node>
  <node id="514" lat="48.74318251633" lon="7.6418148251">
    <tag k="local_x" v="150.3711"/>
    <tag k="local_y" v="-203.0044"/>
    <tag k="ele" v="2.9754"/>
  </node>
  <node id="515" lat="48.74318079828" lon="7.64181034445">
    <tag k="local_x" v="150.0383"/>
    <tag k="local_y" v="-203.1895"/>
    <tag k="ele" v="2.9754"/>
  </node>
  <node id="519" lat="48.74313159544" lon="7.64177432038">
    <tag k="local_x" v="147.2925"/>
    <tag k="local_y" v="-208.6115"/>
    <tag k="ele" v="3.2386"/>
  </node>
  <node id="520" lat="48.7431306058" lon="7.64176691458">
    <tag k="local_x" v="146.7461"/>
    <tag k="local_y" v="-208.7118"/>
    <tag k="ele" v="3.2304"/>
  </node>
  <node id="521" lat="48.74312991844" lon="7.6417582111">
    <tag k="local_x" v="146.1049"/>
    <tag k="local_y" v="-208.7768"/>
    <tag k="ele" v="3.087"/>
  </node>
  <node id="522" lat="48.74312977884" lon="7.64174949831">
    <tag k="local_x" v="145.4641"/>
    <tag k="local_y" v="-208.7809"/>
    <tag k="ele" v="3.22"/>
  </node>
  <node id="523" lat="48.74313018075" lon="7.64174085525">
    <tag k="local_x" v="144.8295"/>
    <tag k="local_y" v="-208.7249"/>
    <tag k="ele" v="3.2377"/>
  </node>
  <node id="524" lat="48.74313111426" lon="7.64173235838">
    <tag k="local_x" v="144.2067"/>
    <tag k="local_y" v="-208.61"/>
    <tag k="ele" v="3.2272"/>
  </node>
  <node id="525" lat="48.74313256674" lon="7.64172408012">
    <tag k="local_x" v="143.601"/>
    <tag k="local_y" v="-208.4377"/>
    <tag k="ele" v="3.2106"/>
  </node>
  <node id="526" lat="48.74313429486" lon="7.64171712886">
    <tag k="local_x" v="143.0934"/>
    <tag k="local_y" v="-208.2365"/>
    <tag k="ele" v="3.1945"/>
  </node>
  <node id="527" lat="48.74316579635" lon="7.64175977833">
    <tag k="local_x" v="146.2912"/>
    <tag k="local_y" v="-204.7908"/>
    <tag k="ele" v="3.1426"/>
  </node>
  <node id="528" lat="48.74316453075" lon="7.6417550624">
    <tag k="local_x" v="145.942"/>
    <tag k="local_y" v="-204.9253"/>
    <tag k="ele" v="3.1443"/>
  </node>
  <node id="529" lat="48.74316372711" lon="7.64175137734">
    <tag k="local_x" v="145.6695"/>
    <tag k="local_y" v="-205.0098"/>
    <tag k="ele" v="3.1513"/>
  </node>
  <node id="530" lat="48.74316315383" lon="7.64174754325">
    <tag k="local_x" v="145.3865"/>
    <tag k="local_y" v="-205.0685"/>
    <tag k="ele" v="3.1402"/>
  </node>
  <node id="531" lat="48.74316282119" lon="7.64174359385">
    <tag k="local_x" v="145.0955"/>
    <tag k="local_y" v="-205.1003"/>
    <tag k="ele" v="3.1513"/>
  </node>
  <node id="532" lat="48.74316273951" lon="7.64173956559">
    <tag k="local_x" v="144.7992"/>
    <tag k="local_y" v="-205.1041"/>
    <tag k="ele" v="3.1563"/>
  </node>
  <node id="533" lat="48.74316291552" lon="7.64173549366">
    <tag k="local_x" v="144.5002"/>
    <tag k="local_y" v="-205.0792"/>
    <tag k="ele" v="3.1429"/>
  </node>
  <node id="534" lat="48.74316357586" lon="7.64173038168">
    <tag k="local_x" v="144.1257"/>
    <tag k="local_y" v="-204.9991"/>
    <tag k="ele" v="3.1339"/>
  </node>
  <node id="538" lat="48.74317482663" lon="7.64158409228">
    <tag k="local_x" v="133.3935"/>
    <tag k="local_y" v="-203.5568"/>
    <tag k="ele" v="2.9013"/>
  </node>
  <node id="539" lat="48.74317674359" lon="7.64157835607">
    <tag k="local_x" v="132.9756"/>
    <tag k="local_y" v="-203.3362"/>
    <tag k="ele" v="2.9013"/>
  </node>
  <node id="540" lat="48.74317902636" lon="7.64157228489">
    <tag k="local_x" v="132.5338"/>
    <tag k="local_y" v="-203.0745"/>
    <tag k="ele" v="2.9013"/>
  </node>
  <node id="541" lat="48.74318128767" lon="7.64156683594">
    <tag k="local_x" v="132.1377"/>
    <tag k="local_y" v="-202.816"/>
    <tag k="ele" v="2.9013"/>
  </node>
  <node id="542" lat="48.74320160516" lon="7.64160637391">
    <tag k="local_x" v="135.0846"/>
    <tag k="local_y" v="-200.6094"/>
    <tag k="ele" v="2.9013"/>
  </node>
  <node id="543" lat="48.74320343176" lon="7.64160182492">
    <tag k="local_x" v="134.7538"/>
    <tag k="local_y" v="-200.4004"/>
    <tag k="ele" v="2.9013"/>
  </node>
  <node id="544" lat="48.74320521072" lon="7.64159788933">
    <tag k="local_x" v="134.468"/>
    <tag k="local_y" v="-200.1975"/>
    <tag k="ele" v="2.9013"/>
  </node>
  <node id="545" lat="48.74320731967" lon="7.64159363335">
    <tag k="local_x" v="134.1593"/>
    <tag k="local_y" v="-199.9575"/>
    <tag k="ele" v="2.9013"/>
  </node>
  <node id="561" lat="48.74498697206" lon="7.63981999561">
    <tag k="local_x" v="7.3012"/>
    <tag k="local_y" v="0.1879"/>
    <tag k="ele" v="-2.0148"/>
  </node>
  <node id="562" lat="48.74498747535" lon="7.6398332886">
    <tag k="local_x" v="8.2794"/>
    <tag k="local_y" v="0.2264"/>
    <tag k="ele" v="-1.9794"/>
  </node>
  <node id="563" lat="48.74498797865" lon="7.63984658295">
    <tag k="local_x" v="9.2577"/>
    <tag k="local_y" v="0.2649"/>
    <tag k="ele" v="-1.944"/>
  </node>
  <node id="564" lat="48.74498848283" lon="7.63985987592">
    <tag k="local_x" v="10.2359"/>
    <tag k="local_y" v="0.3035"/>
    <tag k="ele" v="-1.9086"/>
  </node>
  <node id="565" lat="48.74498898613" lon="7.63987317027">
    <tag k="local_x" v="11.2142"/>
    <tag k="local_y" v="0.342"/>
    <tag k="ele" v="-1.8732"/>
  </node>
  <node id="566" lat="48.74498949032" lon="7.6398864646">
    <tag k="local_x" v="12.1925"/>
    <tag k="local_y" v="0.3806"/>
    <tag k="ele" v="-1.8378"/>
  </node>
  <node id="567" lat="48.7449899936" lon="7.6398997576">
    <tag k="local_x" v="13.1707"/>
    <tag k="local_y" v="0.4191"/>
    <tag k="ele" v="-1.8024"/>
  </node>
  <node id="568" lat="48.74499049689" lon="7.63991305195">
    <tag k="local_x" v="14.149"/>
    <tag k="local_y" v="0.4576"/>
    <tag k="ele" v="-1.767"/>
  </node>
  <node id="569" lat="48.74499100106" lon="7.63992634492">
    <tag k="local_x" v="15.1272"/>
    <tag k="local_y" v="0.4962"/>
    <tag k="ele" v="-1.7316"/>
  </node>
  <node id="570" lat="48.74499150435" lon="7.63993963927">
    <tag k="local_x" v="16.1055"/>
    <tag k="local_y" v="0.5347"/>
    <tag k="ele" v="-1.6962"/>
  </node>
  <node id="571" lat="48.74499200854" lon="7.6399529336">
    <tag k="local_x" v="17.0838"/>
    <tag k="local_y" v="0.5733"/>
    <tag k="ele" v="-1.6608"/>
  </node>
  <node id="572" lat="48.74499251181" lon="7.6399662266">
    <tag k="local_x" v="18.062"/>
    <tag k="local_y" v="0.6118"/>
    <tag k="ele" v="-1.6254"/>
  </node>
  <node id="573" lat="48.7449930151" lon="7.63997952095">
    <tag k="local_x" v="19.0403"/>
    <tag k="local_y" v="0.6503"/>
    <tag k="ele" v="-1.59"/>
  </node>
  <node id="574" lat="48.74499351928" lon="7.63999281528">
    <tag k="local_x" v="20.0186"/>
    <tag k="local_y" v="0.6889"/>
    <tag k="ele" v="-1.5546"/>
  </node>
  <node id="575" lat="48.74499402254" lon="7.64000610828">
    <tag k="local_x" v="20.9968"/>
    <tag k="local_y" v="0.7274"/>
    <tag k="ele" v="-1.5192"/>
  </node>
  <node id="576" lat="48.74499452672" lon="7.64001940261">
    <tag k="local_x" v="21.9751"/>
    <tag k="local_y" v="0.766"/>
    <tag k="ele" v="-1.4838"/>
  </node>
  <node id="577" lat="48.74499502999" lon="7.6400326956">
    <tag k="local_x" v="22.9533"/>
    <tag k="local_y" v="0.8045"/>
    <tag k="ele" v="-1.4484"/>
  </node>
  <node id="578" lat="48.74499553416" lon="7.64004598993">
    <tag k="local_x" v="23.9316"/>
    <tag k="local_y" v="0.8431"/>
    <tag k="ele" v="-1.4131"/>
  </node>
  <node id="580" lat="48.74499516939" lon="7.64005685371">
    <tag k="local_x" v="24.7295"/>
    <tag k="local_y" v="0.7883"/>
    <tag k="ele" v="-1.4131"/>
  </node>
  <node id="581" lat="48.74499353884" lon="7.64006741293">
    <tag k="local_x" v="25.5025"/>
    <tag k="local_y" v="0.5932"/>
    <tag k="ele" v="-1.4131"/>
  </node>
  <node id="582" lat="48.74499062129" lon="7.64007731856">
    <tag k="local_x" v="26.2249"/>
    <tag k="local_y" v="0.2559"/>
    <tag k="ele" v="-1.4131"/>
  </node>
  <node id="583" lat="48.74498649491" lon="7.6400861808">
    <tag k="local_x" v="26.8682"/>
    <tag k="local_y" v="-0.2144"/>
    <tag k="ele" v="-1.4131"/>
  </node>
  <node id="584" lat="48.74498136594" lon="7.64009371387">
    <tag k="local_x" v="27.4118"/>
    <tag k="local_y" v="-0.7944"/>
    <tag k="ele" v="-1.4131"/>
  </node>
  <node id="585" lat="48.74497535133" lon="7.64009953644">
    <tag k="local_x" v="27.8279"/>
    <tag k="local_y" v="-1.4706"/>
    <tag k="ele" v="-1.4131"/>
  </node>
  <node id="586" lat="48.74496876546" lon="7.64010360601">
    <tag k="local_x" v="28.114"/>
    <tag k="local_y" v="-2.208"/>
    <tag k="ele" v="-1.4131"/>
  </node>
  <node id="587" lat="48.74496179823" lon="7.64010600589">
    <tag k="local_x" v="28.2766"/>
    <tag k="local_y" v="-2.9856"/>
    <tag k="ele" v="-1.4083"/>
  </node>
  <node id="588" lat="48.74495461854" lon="7.64010671656">
    <tag k="local_x" v="28.3146"/>
    <tag k="local_y" v="-3.7846"/>
    <tag k="ele" v="-1.3859"/>
  </node>
  <node id="589" lat="48.74494741349" lon="7.64010718441">
    <tag k="local_x" v="28.3347"/>
    <tag k="local_y" v="-4.5861"/>
    <tag k="ele" v="-1.3606"/>
  </node>
  <node id="590" lat="48.74494020936" lon="7.6401076536">
    <tag k="local_x" v="28.3549"/>
    <tag k="local_y" v="-5.3875"/>
    <tag k="ele" v="-1.3352"/>
  </node>
  <node id="592" lat="48.7449318763" lon="7.64010805667">
    <tag k="local_x" v="28.368"/>
    <tag k="local_y" v="-6.3143"/>
    <tag k="ele" v="-1.3472"/>
  </node>
  <node id="593" lat="48.74492354325" lon="7.64010845974">
    <tag k="local_x" v="28.3811"/>
    <tag k="local_y" v="-7.2411"/>
    <tag k="ele" v="-1.3593"/>
  </node>
  <node id="594" lat="48.7449152102" lon="7.64010886281">
    <tag k="local_x" v="28.3942"/>
    <tag k="local_y" v="-8.1679"/>
    <tag k="ele" v="-1.3713"/>
  </node>
  <node id="595" lat="48.74490687804" lon="7.64010926586">
    <tag k="local_x" v="28.4073"/>
    <tag k="local_y" v="-9.0946"/>
    <tag k="ele" v="-1.3834"/>
  </node>
  <node id="596" lat="48.74489854499" lon="7.64010966893">
    <tag k="local_x" v="28.4204"/>
    <tag k="local_y" v="-10.0214"/>
    <tag k="ele" v="-1.3954"/>
  </node>
  <node id="597" lat="48.74489021283" lon="7.64011007197">
    <tag k="local_x" v="28.4335"/>
    <tag k="local_y" v="-10.9481"/>
    <tag k="ele" v="-1.4075"/>
  </node>
  <node id="598" lat="48.74488187978" lon="7.64011047504">
    <tag k="local_x" v="28.4466"/>
    <tag k="local_y" v="-11.8749"/>
    <tag k="ele" v="-1.4195"/>
  </node>
  <node id="599" lat="48.74487354672" lon="7.64011087811">
    <tag k="local_x" v="28.4597"/>
    <tag k="local_y" v="-12.8017"/>
    <tag k="ele" v="-1.4316"/>
  </node>
  <node id="600" lat="48.74486521367" lon="7.64011128118">
    <tag k="local_x" v="28.4728"/>
    <tag k="local_y" v="-13.7285"/>
    <tag k="ele" v="-1.4436"/>
  </node>
  <node id="602" lat="48.74485592045" lon="7.6401115102">
    <tag k="local_x" v="28.4712"/>
    <tag k="local_y" v="-14.7618"/>
    <tag k="ele" v="-1.7125"/>
  </node>
  <node id="603" lat="48.74484701252" lon="7.64011214099">
    <tag k="local_x" v="28.4999"/>
    <tag k="local_y" v="-15.7528"/>
    <tag k="ele" v="-1.7128"/>
  </node>
  <node id="604" lat="48.7448381055" lon="7.64011277311">
    <tag k="local_x" v="28.5287"/>
    <tag k="local_y" v="-16.7437"/>
    <tag k="ele" v="-1.7131"/>
  </node>
  <node id="605" lat="48.74482919848" lon="7.64011340524">
    <tag k="local_x" v="28.5575"/>
    <tag k="local_y" v="-17.7346"/>
    <tag k="ele" v="-1.7134"/>
  </node>
  <node id="606" lat="48.74482029147" lon="7.64011403736">
    <tag k="local_x" v="28.5863"/>
    <tag k="local_y" v="-18.7255"/>
    <tag k="ele" v="-1.7137"/>
  </node>
  <node id="607" lat="48.74481138443" lon="7.64011466813">
    <tag k="local_x" v="28.615"/>
    <tag k="local_y" v="-19.7164"/>
    <tag k="ele" v="-1.714"/>
  </node>
  <node id="608" lat="48.74480247742" lon="7.64011530025">
    <tag k="local_x" v="28.6438"/>
    <tag k="local_y" v="-20.7073"/>
    <tag k="ele" v="-1.7143"/>
  </node>
  <node id="609" lat="48.7447935704" lon="7.64011593238">
    <tag k="local_x" v="28.6726"/>
    <tag k="local_y" v="-21.6982"/>
    <tag k="ele" v="-1.7146"/>
  </node>
  <node id="610" lat="48.74478466338" lon="7.6401165645">
    <tag k="local_x" v="28.7014"/>
    <tag k="local_y" v="-22.6891"/>
    <tag k="ele" v="-1.7149"/>
  </node>
  <node id="611" lat="48.74477575635" lon="7.64011719527">
    <tag k="local_x" v="28.7301"/>
    <tag k="local_y" v="-23.68"/>
    <tag k="ele" v="-1.7152"/>
  </node>
  <node id="612" lat="48.74476684844" lon="7.64011782742">
    <tag k="local_x" v="28.7589"/>
    <tag k="local_y" v="-24.671"/>
    <tag k="ele" v="-1.7155"/>
  </node>
  <node id="613" lat="48.74475794142" lon="7.64011845954">
    <tag k="local_x" v="28.7877"/>
    <tag k="local_y" v="-25.6619"/>
    <tag k="ele" v="-1.7158"/>
  </node>
  <node id="614" lat="48.7447490344" lon="7.64011909166">
    <tag k="local_x" v="28.8165"/>
    <tag k="local_y" v="-26.6528"/>
    <tag k="ele" v="-1.7161"/>
  </node>
  <node id="615" lat="48.74474012737" lon="7.64011972243">
    <tag k="local_x" v="28.8452"/>
    <tag k="local_y" v="-27.6437"/>
    <tag k="ele" v="-1.7164"/>
  </node>
  <node id="616" lat="48.74473122035" lon="7.64012035455">
    <tag k="local_x" v="28.874"/>
    <tag k="local_y" v="-28.6346"/>
    <tag k="ele" v="-1.7167"/>
  </node>
  <node id="617" lat="48.74472231334" lon="7.64012098667">
    <tag k="local_x" v="28.9028"/>
    <tag k="local_y" v="-29.6255"/>
    <tag k="ele" v="-1.717"/>
  </node>
  <node id="618" lat="48.74471340632" lon="7.64012161879">
    <tag k="local_x" v="28.9316"/>
    <tag k="local_y" v="-30.6164"/>
    <tag k="ele" v="-1.7173"/>
  </node>
  <node id="619" lat="48.74470449929" lon="7.64012224956">
    <tag k="local_x" v="28.9603"/>
    <tag k="local_y" v="-31.6073"/>
    <tag k="ele" v="-1.7176"/>
  </node>
  <node id="620" lat="48.74469559137" lon="7.6401228817">
    <tag k="local_x" v="28.9891"/>
    <tag k="local_y" v="-32.5983"/>
    <tag k="ele" v="-1.7179"/>
  </node>
  <node id="621" lat="48.74468668435" lon="7.64012351382">
    <tag k="local_x" v="29.0179"/>
    <tag k="local_y" v="-33.5892"/>
    <tag k="ele" v="-1.7182"/>
  </node>
  <node id="622" lat="48.74467777734" lon="7.64012414594">
    <tag k="local_x" v="29.0467"/>
    <tag k="local_y" v="-34.5801"/>
    <tag k="ele" v="-1.7185"/>
  </node>
  <node id="623" lat="48.7446688703" lon="7.64012477671">
    <tag k="local_x" v="29.0754"/>
    <tag k="local_y" v="-35.571"/>
    <tag k="ele" v="-1.7188"/>
  </node>
  <node id="624" lat="48.74465996329" lon="7.64012540883">
    <tag k="local_x" v="29.1042"/>
    <tag k="local_y" v="-36.5619"/>
    <tag k="ele" v="-1.7191"/>
  </node>
  <node id="625" lat="48.74465105627" lon="7.64012604095">
    <tag k="local_x" v="29.133"/>
    <tag k="local_y" v="-37.5528"/>
    <tag k="ele" v="-1.7194"/>
  </node>
  <node id="626" lat="48.74464214925" lon="7.64012667307">
    <tag k="local_x" v="29.1618"/>
    <tag k="local_y" v="-38.5437"/>
    <tag k="ele" v="-1.7197"/>
  </node>
  <node id="627" lat="48.74463324222" lon="7.64012730383">
    <tag k="local_x" v="29.1905"/>
    <tag k="local_y" v="-39.5346"/>
    <tag k="ele" v="-1.72"/>
  </node>
  <node id="628" lat="48.7446243352" lon="7.64012793595">
    <tag k="local_x" v="29.2193"/>
    <tag k="local_y" v="-40.5255"/>
    <tag k="ele" v="-1.7203"/>
  </node>
  <node id="629" lat="48.74461542729" lon="7.64012856809">
    <tag k="local_x" v="29.2481"/>
    <tag k="local_y" v="-41.5165"/>
    <tag k="ele" v="-1.7206"/>
  </node>
  <node id="630" lat="48.74460652027" lon="7.64012920021">
    <tag k="local_x" v="29.2769"/>
    <tag k="local_y" v="-42.5074"/>
    <tag k="ele" v="-1.7209"/>
  </node>
  <node id="631" lat="48.74459761324" lon="7.64012983097">
    <tag k="local_x" v="29.3056"/>
    <tag k="local_y" v="-43.4983"/>
    <tag k="ele" v="-1.7212"/>
  </node>
  <node id="632" lat="48.74458870622" lon="7.64013046309">
    <tag k="local_x" v="29.3344"/>
    <tag k="local_y" v="-44.4892"/>
    <tag k="ele" v="-1.7215"/>
  </node>
  <node id="633" lat="48.7445797992" lon="7.64013109521">
    <tag k="local_x" v="29.3632"/>
    <tag k="local_y" v="-45.4801"/>
    <tag k="ele" v="-1.7218"/>
  </node>
  <node id="634" lat="48.74457089218" lon="7.64013172732">
    <tag k="local_x" v="29.392"/>
    <tag k="local_y" v="-46.471"/>
    <tag k="ele" v="-1.7221"/>
  </node>
  <node id="635" lat="48.74456198515" lon="7.64013235808">
    <tag k="local_x" v="29.4207"/>
    <tag k="local_y" v="-47.4619"/>
    <tag k="ele" v="-1.7224"/>
  </node>
  <node id="636" lat="48.74455307813" lon="7.6401329902">
    <tag k="local_x" v="29.4495"/>
    <tag k="local_y" v="-48.4528"/>
    <tag k="ele" v="-1.7227"/>
  </node>
  <node id="637" lat="48.74454417112" lon="7.64013362232">
    <tag k="local_x" v="29.4783"/>
    <tag k="local_y" v="-49.4437"/>
    <tag k="ele" v="-1.723"/>
  </node>
  <node id="638" lat="48.7445352632" lon="7.64013425446">
    <tag k="local_x" v="29.5071"/>
    <tag k="local_y" v="-50.4347"/>
    <tag k="ele" v="-1.7233"/>
  </node>
  <node id="639" lat="48.74452635617" lon="7.64013488522">
    <tag k="local_x" v="29.5358"/>
    <tag k="local_y" v="-51.4256"/>
    <tag k="ele" v="-1.7236"/>
  </node>
  <node id="640" lat="48.74451744915" lon="7.64013551733">
    <tag k="local_x" v="29.5646"/>
    <tag k="local_y" v="-52.4165"/>
    <tag k="ele" v="-1.7239"/>
  </node>
  <node id="641" lat="48.74450854213" lon="7.64013614945">
    <tag k="local_x" v="29.5934"/>
    <tag k="local_y" v="-53.4074"/>
    <tag k="ele" v="-1.7242"/>
  </node>
  <node id="642" lat="48.74449963511" lon="7.64013678156">
    <tag k="local_x" v="29.6222"/>
    <tag k="local_y" v="-54.3983"/>
    <tag k="ele" v="-1.7245"/>
  </node>
  <node id="643" lat="48.74449072808" lon="7.64013741232">
    <tag k="local_x" v="29.6509"/>
    <tag k="local_y" v="-55.3892"/>
    <tag k="ele" v="-1.7248"/>
  </node>
  <node id="644" lat="48.74448182106" lon="7.64013804444">
    <tag k="local_x" v="29.6797"/>
    <tag k="local_y" v="-56.3801"/>
    <tag k="ele" v="-1.7251"/>
  </node>
  <node id="645" lat="48.74447291405" lon="7.64013867655">
    <tag k="local_x" v="29.7085"/>
    <tag k="local_y" v="-57.371"/>
    <tag k="ele" v="-1.7254"/>
  </node>
  <node id="646" lat="48.74446400703" lon="7.64013930867">
    <tag k="local_x" v="29.7373"/>
    <tag k="local_y" v="-58.3619"/>
    <tag k="ele" v="-1.7257"/>
  </node>
  <node id="647" lat="48.74445510001" lon="7.64013994078">
    <tag k="local_x" v="29.7661"/>
    <tag k="local_y" v="-59.3528"/>
    <tag k="ele" v="-1.7259"/>
  </node>
  <node id="649" lat="48.74486056751" lon="7.64011139568">
    <tag k="local_x" v="28.472"/>
    <tag k="local_y" v="-14.2451"/>
    <tag k="ele" v="-1.5781"/>
  </node>
  <node id="651" lat="48.74444783159" lon="7.64014113673">
    <tag k="local_x" v="29.8396"/>
    <tag k="local_y" v="-60.1623"/>
    <tag k="ele" v="-1.726"/>
  </node>
  <node id="652" lat="48.74444071811" lon="7.64014357046">
    <tag k="local_x" v="30.0044"/>
    <tag k="local_y" v="-60.9562"/>
    <tag k="ele" v="-1.726"/>
  </node>
  <node id="653" lat="48.744433885" lon="7.64014742492">
    <tag k="local_x" v="30.2742"/>
    <tag k="local_y" v="-61.7208"/>
    <tag k="ele" v="-1.726"/>
  </node>
  <node id="654" lat="48.74442742372" lon="7.64015252355">
    <tag k="local_x" v="30.6362"/>
    <tag k="local_y" v="-62.4457"/>
    <tag k="ele" v="-1.726"/>
  </node>
  <node id="655" lat="48.74442140508" lon="7.64015869031">
    <tag k="local_x" v="31.0776"/>
    <tag k="local_y" v="-63.1228"/>
    <tag k="ele" v="-1.6691"/>
  </node>
  <node id="657" lat="48.74441476297" lon="7.64016660827">
    <tag k="local_x" v="31.6465"/>
    <tag k="local_y" v="-63.8715"/>
    <tag k="ele" v="-1.6355"/>
  </node>
  <node id="658" lat="48.74440812087" lon="7.64017452758">
    <tag k="local_x" v="32.2155"/>
    <tag k="local_y" v="-64.6202"/>
    <tag k="ele" v="-1.6018"/>
  </node>
  <node id="659" lat="48.74440147876" lon="7.64018244554">
    <tag k="local_x" v="32.7844"/>
    <tag k="local_y" v="-65.3689"/>
    <tag k="ele" v="-1.5681"/>
  </node>
  <node id="660" lat="48.74439483666" lon="7.64019036485">
    <tag k="local_x" v="33.3534"/>
    <tag k="local_y" v="-66.1176"/>
    <tag k="ele" v="-1.5344"/>
  </node>
  <node id="661" lat="48.74438819454" lon="7.6401982828">
    <tag k="local_x" v="33.9223"/>
    <tag k="local_y" v="-66.8663"/>
    <tag k="ele" v="-1.5007"/>
  </node>
  <node id="662" lat="48.74438155243" lon="7.64020620075">
    <tag k="local_x" v="34.4912"/>
    <tag k="local_y" v="-67.615"/>
    <tag k="ele" v="-1.467"/>
  </node>
  <node id="663" lat="48.74437491033" lon="7.64021412005">
    <tag k="local_x" v="35.0602"/>
    <tag k="local_y" v="-68.3637"/>
    <tag k="ele" v="-1.4333"/>
  </node>
  <node id="664" lat="48.74436826911" lon="7.64022203797">
    <tag k="local_x" v="35.6291"/>
    <tag k="local_y" v="-69.1123"/>
    <tag k="ele" v="-1.3996"/>
  </node>
  <node id="665" lat="48.74436162701" lon="7.64022995727">
    <tag k="local_x" v="36.1981"/>
    <tag k="local_y" v="-69.861"/>
    <tag k="ele" v="-1.3659"/>
  </node>
  <node id="666" lat="48.74435498489" lon="7.64023787521">
    <tag k="local_x" v="36.767"/>
    <tag k="local_y" v="-70.6097"/>
    <tag k="ele" v="-1.3322"/>
  </node>
  <node id="667" lat="48.74434834277" lon="7.64024579315">
    <tag k="local_x" v="37.3359"/>
    <tag k="local_y" v="-71.3584"/>
    <tag k="ele" v="-1.2985"/>
  </node>
  <node id="668" lat="48.74434170067" lon="7.64025371245">
    <tag k="local_x" v="37.9049"/>
    <tag k="local_y" v="-72.1071"/>
    <tag k="ele" v="-1.2648"/>
  </node>
  <node id="669" lat="48.74433505855" lon="7.64026163038">
    <tag k="local_x" v="38.4738"/>
    <tag k="local_y" v="-72.8558"/>
    <tag k="ele" v="-1.2311"/>
  </node>
  <node id="670" lat="48.74432841644" lon="7.64026954967">
    <tag k="local_x" v="39.0428"/>
    <tag k="local_y" v="-73.6045"/>
    <tag k="ele" v="-1.1974"/>
  </node>
  <node id="671" lat="48.74432177432" lon="7.6402774676">
    <tag k="local_x" v="39.6117"/>
    <tag k="local_y" v="-74.3532"/>
    <tag k="ele" v="-1.1637"/>
  </node>
  <node id="672" lat="48.74431513311" lon="7.64028538686">
    <tag k="local_x" v="40.1807"/>
    <tag k="local_y" v="-75.1018"/>
    <tag k="ele" v="-1.13"/>
  </node>
  <node id="674" lat="48.74430997655" lon="7.64028989662">
    <tag k="local_x" v="40.502"/>
    <tag k="local_y" v="-75.6809"/>
    <tag k="ele" v="-1.13"/>
  </node>
  <node id="675" lat="48.74430393396" lon="7.64029190013">
    <tag k="local_x" v="40.6373"/>
    <tag k="local_y" v="-76.3552"/>
    <tag k="ele" v="-1.13"/>
  </node>
  <node id="676" lat="48.74429774734" lon="7.64029282882">
    <tag k="local_x" v="40.6933"/>
    <tag k="local_y" v="-77.0441"/>
    <tag k="ele" v="-1.123"/>
  </node>
  <node id="677" lat="48.74429152789" lon="7.64029356795">
    <tag k="local_x" v="40.7353"/>
    <tag k="local_y" v="-77.7364"/>
    <tag k="ele" v="-1.1136"/>
  </node>
  <node id="678" lat="48.74428530846" lon="7.64029430844">
    <tag k="local_x" v="40.7774"/>
    <tag k="local_y" v="-78.4287"/>
    <tag k="ele" v="-1.1042"/>
  </node>
  <node id="679" lat="48.74427908991" lon="7.64029504754">
    <tag k="local_x" v="40.8194"/>
    <tag k="local_y" v="-79.1209"/>
    <tag k="ele" v="-1.0947"/>
  </node>
  <node id="681" lat="48.7442702512" lon="7.64029559753">
    <tag k="local_x" v="40.8423"/>
    <tag k="local_y" v="-80.1041"/>
    <tag k="ele" v="-1.0841"/>
  </node>
  <node id="682" lat="48.74426141338" lon="7.64029614749">
    <tag k="local_x" v="40.8652"/>
    <tag k="local_y" v="-81.0872"/>
    <tag k="ele" v="-1.0734"/>
  </node>
  <node id="683" lat="48.74425257558" lon="7.64029669881">
    <tag k="local_x" v="40.8882"/>
    <tag k="local_y" v="-82.0703"/>
    <tag k="ele" v="-1.0628"/>
  </node>
  <node id="684" lat="48.74424373776" lon="7.64029724877">
    <tag k="local_x" v="40.9111"/>
    <tag k="local_y" v="-83.0534"/>
    <tag k="ele" v="-1.0521"/>
  </node>
  <node id="685" lat="48.74423489995" lon="7.64029779873">
    <tag k="local_x" v="40.934"/>
    <tag k="local_y" v="-84.0365"/>
    <tag k="ele" v="-1.0414"/>
  </node>
  <node id="686" lat="48.74422606213" lon="7.64029834868">
    <tag k="local_x" v="40.9569"/>
    <tag k="local_y" v="-85.0196"/>
    <tag k="ele" v="-1.0308"/>
  </node>
  <node id="687" lat="48.74421722341" lon="7.64029889867">
    <tag k="local_x" v="40.9798"/>
    <tag k="local_y" v="-86.0028"/>
    <tag k="ele" v="-1.0201"/>
  </node>
  <node id="688" lat="48.7442083856" lon="7.64029944863">
    <tag k="local_x" v="41.0027"/>
    <tag k="local_y" v="-86.9859"/>
    <tag k="ele" v="-1.0095"/>
  </node>
  <node id="689" lat="48.7441995478" lon="7.64029999994">
    <tag k="local_x" v="41.0257"/>
    <tag k="local_y" v="-87.969"/>
    <tag k="ele" v="-0.9988"/>
  </node>
  <node id="690" lat="48.74419070998" lon="7.6403005499">
    <tag k="local_x" v="41.0486"/>
    <tag k="local_y" v="-88.9521"/>
    <tag k="ele" v="-0.9881"/>
  </node>
  <node id="691" lat="48.74418187216" lon="7.64030109986">
    <tag k="local_x" v="41.0715"/>
    <tag k="local_y" v="-89.9352"/>
    <tag k="ele" v="-0.9775"/>
  </node>
  <node id="692" lat="48.74417303435" lon="7.64030164982">
    <tag k="local_x" v="41.0944"/>
    <tag k="local_y" v="-90.9183"/>
    <tag k="ele" v="-0.9668"/>
  </node>
  <node id="693" lat="48.74416419563" lon="7.6403021998">
    <tag k="local_x" v="41.1173"/>
    <tag k="local_y" v="-91.9015"/>
    <tag k="ele" v="-0.9562"/>
  </node>
  <node id="694" lat="48.74415535781" lon="7.64030274975">
    <tag k="local_x" v="41.1402"/>
    <tag k="local_y" v="-92.8846"/>
    <tag k="ele" v="-0.9455"/>
  </node>
  <node id="695" lat="48.74414652001" lon="7.64030330107">
    <tag k="local_x" v="41.1632"/>
    <tag k="local_y" v="-93.8677"/>
    <tag k="ele" v="-0.9348"/>
  </node>
  <node id="696" lat="48.7441376822" lon="7.64030385103">
    <tag k="local_x" v="41.1861"/>
    <tag k="local_y" v="-94.8508"/>
    <tag k="ele" v="-0.9242"/>
  </node>
  <node id="697" lat="48.74412884438" lon="7.64030440098">
    <tag k="local_x" v="41.209"/>
    <tag k="local_y" v="-95.8339"/>
    <tag k="ele" v="-0.9135"/>
  </node>
  <node id="698" lat="48.74412000656" lon="7.64030495094">
    <tag k="local_x" v="41.2319"/>
    <tag k="local_y" v="-96.817"/>
    <tag k="ele" v="-0.9029"/>
  </node>
  <node id="699" lat="48.74411116875" lon="7.6403055009">
    <tag k="local_x" v="41.2548"/>
    <tag k="local_y" v="-97.8001"/>
    <tag k="ele" v="-0.8922"/>
  </node>
  <node id="700" lat="48.74410233003" lon="7.64030605088">
    <tag k="local_x" v="41.2777"/>
    <tag k="local_y" v="-98.7833"/>
    <tag k="ele" v="-0.8815"/>
  </node>
  <node id="701" lat="48.74409349223" lon="7.64030660219">
    <tag k="local_x" v="41.3007"/>
    <tag k="local_y" v="-99.7664"/>
    <tag k="ele" v="-0.8709"/>
  </node>
  <node id="702" lat="48.74408465441" lon="7.64030715215">
    <tag k="local_x" v="41.3236"/>
    <tag k="local_y" v="-100.7495"/>
    <tag k="ele" v="-0.8602"/>
  </node>
  <node id="703" lat="48.7440758166" lon="7.6403077021">
    <tag k="local_x" v="41.3465"/>
    <tag k="local_y" v="-101.7326"/>
    <tag k="ele" v="-0.8496"/>
  </node>
  <node id="704" lat="48.74406697878" lon="7.64030825206">
    <tag k="local_x" v="41.3694"/>
    <tag k="local_y" v="-102.7157"/>
    <tag k="ele" v="-0.8389"/>
  </node>
  <node id="705" lat="48.74405814096" lon="7.64030880201">
    <tag k="local_x" v="41.3923"/>
    <tag k="local_y" v="-103.6988"/>
    <tag k="ele" v="-0.8282"/>
  </node>
  <node id="706" lat="48.74404930225" lon="7.64030935199">
    <tag k="local_x" v="41.4152"/>
    <tag k="local_y" v="-104.682"/>
    <tag k="ele" v="-0.8176"/>
  </node>
  <node id="707" lat="48.74404046444" lon="7.6403099033">
    <tag k="local_x" v="41.4382"/>
    <tag k="local_y" v="-105.6651"/>
    <tag k="ele" v="-0.8069"/>
  </node>
  <node id="708" lat="48.74403162663" lon="7.64031045326">
    <tag k="local_x" v="41.4611"/>
    <tag k="local_y" v="-106.6482"/>
    <tag k="ele" v="-0.7963"/>
  </node>
  <node id="709" lat="48.74402278881" lon="7.64031100321">
    <tag k="local_x" v="41.484"/>
    <tag k="local_y" v="-107.6313"/>
    <tag k="ele" v="-0.7856"/>
  </node>
  <node id="710" lat="48.74401395099" lon="7.64031155316">
    <tag k="local_x" v="41.5069"/>
    <tag k="local_y" v="-108.6144"/>
    <tag k="ele" v="-0.7749"/>
  </node>
  <node id="711" lat="48.74400511318" lon="7.64031210312">
    <tag k="local_x" v="41.5298"/>
    <tag k="local_y" v="-109.5975"/>
    <tag k="ele" v="-0.7643"/>
  </node>
  <node id="712" lat="48.74399627446" lon="7.64031265309">
    <tag k="local_x" v="41.5527"/>
    <tag k="local_y" v="-110.5807"/>
    <tag k="ele" v="-0.7536"/>
  </node>
  <node id="713" lat="48.74398743666" lon="7.64031320441">
    <tag k="local_x" v="41.5757"/>
    <tag k="local_y" v="-111.5638"/>
    <tag k="ele" v="-0.743"/>
  </node>
  <node id="714" lat="48.74397859884" lon="7.64031375436">
    <tag k="local_x" v="41.5986"/>
    <tag k="local_y" v="-112.5469"/>
    <tag k="ele" v="-0.7323"/>
  </node>
  <node id="715" lat="48.74396976102" lon="7.64031430431">
    <tag k="local_x" v="41.6215"/>
    <tag k="local_y" v="-113.53"/>
    <tag k="ele" v="-0.7216"/>
  </node>
  <node id="717" lat="48.74396270845" lon="7.64031480882">
    <tag k="local_x" v="41.6446"/>
    <tag k="local_y" v="-114.3146"/>
    <tag k="ele" v="-0.6934"/>
  </node>
  <node id="718" lat="48.74395565587" lon="7.64031531332">
    <tag k="local_x" v="41.6677"/>
    <tag k="local_y" v="-115.0992"/>
    <tag k="ele" v="-0.6651"/>
  </node>
  <node id="719" lat="48.7439486033" lon="7.64031581919">
    <tag k="local_x" v="41.6909"/>
    <tag k="local_y" v="-115.8838"/>
    <tag k="ele" v="-0.6368"/>
  </node>
  <node id="721" lat="48.74393963691" lon="7.64031629916">
    <tag k="local_x" v="41.7084"/>
    <tag k="local_y" v="-116.8811"/>
    <tag k="ele" v="-0.6251"/>
  </node>
  <node id="722" lat="48.74393067052" lon="7.64031677912">
    <tag k="local_x" v="41.7259"/>
    <tag k="local_y" v="-117.8784"/>
    <tag k="ele" v="-0.6134"/>
  </node>
  <node id="723" lat="48.74392170323" lon="7.64031725911">
    <tag k="local_x" v="41.7434"/>
    <tag k="local_y" v="-118.8758"/>
    <tag k="ele" v="-0.6017"/>
  </node>
  <node id="724" lat="48.74391273684" lon="7.64031773907">
    <tag k="local_x" v="41.7609"/>
    <tag k="local_y" v="-119.8731"/>
    <tag k="ele" v="-0.59"/>
  </node>
  <node id="725" lat="48.74390377045" lon="7.64031821904">
    <tag k="local_x" v="41.7784"/>
    <tag k="local_y" v="-120.8704"/>
    <tag k="ele" v="-0.5783"/>
  </node>
  <node id="726" lat="48.74389480406" lon="7.640318699">
    <tag k="local_x" v="41.7959"/>
    <tag k="local_y" v="-121.8677"/>
    <tag k="ele" v="-0.5666"/>
  </node>
  <node id="727" lat="48.74388583767" lon="7.64031917897">
    <tag k="local_x" v="41.8134"/>
    <tag k="local_y" v="-122.865"/>
    <tag k="ele" v="-0.5549"/>
  </node>
  <node id="728" lat="48.74387687038" lon="7.64031965895">
    <tag k="local_x" v="41.8309"/>
    <tag k="local_y" v="-123.8624"/>
    <tag k="ele" v="-0.5431"/>
  </node>
  <node id="729" lat="48.74386790398" lon="7.64032013892">
    <tag k="local_x" v="41.8484"/>
    <tag k="local_y" v="-124.8597"/>
    <tag k="ele" v="-0.5314"/>
  </node>
  <node id="730" lat="48.74385893759" lon="7.64032061888">
    <tag k="local_x" v="41.8659"/>
    <tag k="local_y" v="-125.857"/>
    <tag k="ele" v="-0.5197"/>
  </node>
  <node id="731" lat="48.7438499712" lon="7.64032109884">
    <tag k="local_x" v="41.8834"/>
    <tag k="local_y" v="-126.8543"/>
    <tag k="ele" v="-0.508"/>
  </node>
  <node id="732" lat="48.74384100481" lon="7.64032157881">
    <tag k="local_x" v="41.9009"/>
    <tag k="local_y" v="-127.8516"/>
    <tag k="ele" v="-0.4963"/>
  </node>
  <node id="733" lat="48.74383203752" lon="7.64032205879">
    <tag k="local_x" v="41.9184"/>
    <tag k="local_y" v="-128.849"/>
    <tag k="ele" v="-0.4846"/>
  </node>
  <node id="734" lat="48.74382307113" lon="7.64032253876">
    <tag k="local_x" v="41.9359"/>
    <tag k="local_y" v="-129.8463"/>
    <tag k="ele" v="-0.4729"/>
  </node>
  <node id="735" lat="48.74381410474" lon="7.64032301872">
    <tag k="local_x" v="41.9534"/>
    <tag k="local_y" v="-130.8436"/>
    <tag k="ele" v="-0.4612"/>
  </node>
  <node id="736" lat="48.74380513836" lon="7.64032350004">
    <tag k="local_x" v="41.971"/>
    <tag k="local_y" v="-131.8409"/>
    <tag k="ele" v="-0.4494"/>
  </node>
  <node id="737" lat="48.74379617197" lon="7.64032398">
    <tag k="local_x" v="41.9885"/>
    <tag k="local_y" v="-132.8382"/>
    <tag k="ele" v="-0.4377"/>
  </node>
  <node id="738" lat="48.74378720558" lon="7.64032445996">
    <tag k="local_x" v="42.006"/>
    <tag k="local_y" v="-133.8355"/>
    <tag k="ele" v="-0.426"/>
  </node>
  <node id="739" lat="48.74377823829" lon="7.64032493995">
    <tag k="local_x" v="42.0235"/>
    <tag k="local_y" v="-134.8329"/>
    <tag k="ele" v="-0.4143"/>
  </node>
  <node id="740" lat="48.7437692719" lon="7.64032541991">
    <tag k="local_x" v="42.041"/>
    <tag k="local_y" v="-135.8302"/>
    <tag k="ele" v="-0.4026"/>
  </node>
  <node id="741" lat="48.7437603055" lon="7.64032589987">
    <tag k="local_x" v="42.0585"/>
    <tag k="local_y" v="-136.8275"/>
    <tag k="ele" v="-0.3909"/>
  </node>
  <node id="742" lat="48.74375133911" lon="7.64032637983">
    <tag k="local_x" v="42.076"/>
    <tag k="local_y" v="-137.8248"/>
    <tag k="ele" v="-0.3792"/>
  </node>
  <node id="743" lat="48.74374237272" lon="7.64032685979">
    <tag k="local_x" v="42.0935"/>
    <tag k="local_y" v="-138.8221"/>
    <tag k="ele" v="-0.3675"/>
  </node>
  <node id="744" lat="48.74373340543" lon="7.64032733978">
    <tag k="local_x" v="42.111"/>
    <tag k="local_y" v="-139.8195"/>
    <tag k="ele" v="-0.3557"/>
  </node>
  <node id="745" lat="48.74372443904" lon="7.64032781974">
    <tag k="local_x" v="42.1285"/>
    <tag k="local_y" v="-140.8168"/>
    <tag k="ele" v="-0.344"/>
  </node>
  <node id="746" lat="48.74371547265" lon="7.6403282997">
    <tag k="local_x" v="42.146"/>
    <tag k="local_y" v="-141.8141"/>
    <tag k="ele" v="-0.3323"/>
  </node>
  <node id="747" lat="48.74370650626" lon="7.64032877966">
    <tag k="local_x" v="42.1635"/>
    <tag k="local_y" v="-142.8114"/>
    <tag k="ele" v="-0.3206"/>
  </node>
  <node id="748" lat="48.74369753986" lon="7.64032925962">
    <tag k="local_x" v="42.181"/>
    <tag k="local_y" v="-143.8087"/>
    <tag k="ele" v="-0.3089"/>
  </node>
  <node id="749" lat="48.74368857257" lon="7.6403297396">
    <tag k="local_x" v="42.1985"/>
    <tag k="local_y" v="-144.8061"/>
    <tag k="ele" v="-0.2972"/>
  </node>
  <node id="750" lat="48.74367960618" lon="7.64033021956">
    <tag k="local_x" v="42.216"/>
    <tag k="local_y" v="-145.8034"/>
    <tag k="ele" v="-0.2855"/>
  </node>
  <node id="751" lat="48.74367102959" lon="7.64033064547">
    <tag k="local_x" v="42.2303"/>
    <tag k="local_y" v="-146.7573"/>
    <tag k="ele" v="-0.2737"/>
  </node>
  <node id="762" lat="48.74360504374" lon="7.6403749085">
    <tag k="local_x" v="45.3534"/>
    <tag k="local_y" v="-154.1501"/>
    <tag k="ele" v="-0.071"/>
  </node>
  <node id="764" lat="48.74359844316" lon="7.64038459353">
    <tag k="local_x" v="46.0523"/>
    <tag k="local_y" v="-154.8965"/>
    <tag k="ele" v="-0.0559"/>
  </node>
  <node id="765" lat="48.74359223326" lon="7.64039422314">
    <tag k="local_x" v="46.7479"/>
    <tag k="local_y" v="-155.5994"/>
    <tag k="ele" v="-0.0407"/>
  </node>
  <node id="766" lat="48.74358602338" lon="7.6404038541">
    <tag k="local_x" v="47.4436"/>
    <tag k="local_y" v="-156.3023"/>
    <tag k="ele" v="-0.0255"/>
  </node>
  <node id="767" lat="48.74357981259" lon="7.64041348508">
    <tag k="local_x" v="48.1393"/>
    <tag k="local_y" v="-157.0053"/>
    <tag k="ele" v="-0.0103"/>
  </node>
  <node id="768" lat="48.74357360271" lon="7.64042311604">
    <tag k="local_x" v="48.835"/>
    <tag k="local_y" v="-157.7082"/>
    <tag k="ele" v="0.0049"/>
  </node>
  <node id="769" lat="48.74356739281" lon="7.64043274563">
    <tag k="local_x" v="49.5306"/>
    <tag k="local_y" v="-158.4111"/>
    <tag k="ele" v="0.0201"/>
  </node>
  <node id="770" lat="48.74356118202" lon="7.64044237661">
    <tag k="local_x" v="50.2263"/>
    <tag k="local_y" v="-159.1141"/>
    <tag k="ele" v="0.0353"/>
  </node>
  <node id="771" lat="48.74355497213" lon="7.64045200756">
    <tag k="local_x" v="50.922"/>
    <tag k="local_y" v="-159.817"/>
    <tag k="ele" v="0.0505"/>
  </node>
  <node id="772" lat="48.74354876224" lon="7.64046163851">
    <tag k="local_x" v="51.6177"/>
    <tag k="local_y" v="-160.5199"/>
    <tag k="ele" v="0.0656"/>
  </node>
  <node id="773" lat="48.74354255144" lon="7.64047126812">
    <tag k="local_x" v="52.3133"/>
    <tag k="local_y" v="-161.2229"/>
    <tag k="ele" v="0.0808"/>
  </node>
  <node id="774" lat="48.74353634155" lon="7.64048089906">
    <tag k="local_x" v="53.009"/>
    <tag k="local_y" v="-161.9258"/>
    <tag k="ele" v="0.096"/>
  </node>
  <node id="775" lat="48.74353013166" lon="7.64049053">
    <tag k="local_x" v="53.7047"/>
    <tag k="local_y" v="-162.6287"/>
    <tag k="ele" v="0.1112"/>
  </node>
  <node id="776" lat="48.74352392085" lon="7.6405001596">
    <tag k="local_x" v="54.4003"/>
    <tag k="local_y" v="-163.3317"/>
    <tag k="ele" v="0.1264"/>
  </node>
  <node id="777" lat="48.74351771096" lon="7.64050979054">
    <tag k="local_x" v="55.096"/>
    <tag k="local_y" v="-164.0346"/>
    <tag k="ele" v="0.1416"/>
  </node>
  <node id="778" lat="48.74351150107" lon="7.64051942147">
    <tag k="local_x" v="55.7917"/>
    <tag k="local_y" v="-164.7375"/>
    <tag k="ele" v="0.1568"/>
  </node>
  <node id="779" lat="48.74350529027" lon="7.64052905243">
    <tag k="local_x" v="56.4874"/>
    <tag k="local_y" v="-165.4405"/>
    <tag k="ele" v="0.172"/>
  </node>
  <node id="780" lat="48.74349908036" lon="7.640538682">
    <tag k="local_x" v="57.183"/>
    <tag k="local_y" v="-166.1434"/>
    <tag k="ele" v="0.1871"/>
  </node>
  <node id="781" lat="48.74349287047" lon="7.64054831292">
    <tag k="local_x" v="57.8787"/>
    <tag k="local_y" v="-166.8463"/>
    <tag k="ele" v="0.2023"/>
  </node>
  <node id="782" lat="48.74348665967" lon="7.64055794387">
    <tag k="local_x" v="58.5744"/>
    <tag k="local_y" v="-167.5493"/>
    <tag k="ele" v="0.2175"/>
  </node>
  <node id="783" lat="48.74348044977" lon="7.64056757479">
    <tag k="local_x" v="59.2701"/>
    <tag k="local_y" v="-168.2522"/>
    <tag k="ele" v="0.2327"/>
  </node>
  <node id="794" lat="48.74346746004" lon="7.64067479082">
    <tag k="local_x" v="67.1263"/>
    <tag k="local_y" v="-169.8367"/>
    <tag k="ele" v="0.4533"/>
  </node>
  <node id="796" lat="48.74346782204" lon="7.64068793624">
    <tag k="local_x" v="68.0934"/>
    <tag k="local_y" v="-169.8137"/>
    <tag k="ele" v="0.4854"/>
  </node>
  <node id="797" lat="48.74346818316" lon="7.64070108304">
    <tag k="local_x" v="69.0606"/>
    <tag k="local_y" v="-169.7908"/>
    <tag k="ele" v="0.5176"/>
  </node>
  <node id="798" lat="48.74346854516" lon="7.64071422846">
    <tag k="local_x" v="70.0277"/>
    <tag k="local_y" v="-169.7678"/>
    <tag k="ele" v="0.5498"/>
  </node>
  <node id="799" lat="48.74346890716" lon="7.64072737388">
    <tag k="local_x" v="70.9948"/>
    <tag k="local_y" v="-169.7448"/>
    <tag k="ele" v="0.582"/>
  </node>
  <node id="800" lat="48.74346926917" lon="7.64074052066">
    <tag k="local_x" v="71.962"/>
    <tag k="local_y" v="-169.7218"/>
    <tag k="ele" v="0.6142"/>
  </node>
  <node id="801" lat="48.74346963027" lon="7.64075366611">
    <tag k="local_x" v="72.9291"/>
    <tag k="local_y" v="-169.6989"/>
    <tag k="ele" v="0.6464"/>
  </node>
  <node id="802" lat="48.74346999227" lon="7.64076681153">
    <tag k="local_x" v="73.8962"/>
    <tag k="local_y" v="-169.6759"/>
    <tag k="ele" v="0.6785"/>
  </node>
  <node id="803" lat="48.74347035427" lon="7.64077995831">
    <tag k="local_x" v="74.8634"/>
    <tag k="local_y" v="-169.6529"/>
    <tag k="ele" v="0.7107"/>
  </node>
  <node id="804" lat="48.74347071627" lon="7.64079310373">
    <tag k="local_x" v="75.8305"/>
    <tag k="local_y" v="-169.6299"/>
    <tag k="ele" v="0.7429"/>
  </node>
  <node id="805" lat="48.74347107736" lon="7.64080624918">
    <tag k="local_x" v="76.7976"/>
    <tag k="local_y" v="-169.607"/>
    <tag k="ele" v="0.7751"/>
  </node>
  <node id="806" lat="48.74347143936" lon="7.64081939596">
    <tag k="local_x" v="77.7648"/>
    <tag k="local_y" v="-169.584"/>
    <tag k="ele" v="0.8073"/>
  </node>
  <node id="807" lat="48.74347180135" lon="7.64083254138">
    <tag k="local_x" v="78.7319"/>
    <tag k="local_y" v="-169.561"/>
    <tag k="ele" v="0.8395"/>
  </node>
  <node id="808" lat="48.74347216333" lon="7.6408456868">
    <tag k="local_x" v="79.699"/>
    <tag k="local_y" v="-169.538"/>
    <tag k="ele" v="0.8717"/>
  </node>
  <node id="809" lat="48.74347252444" lon="7.64085883361">
    <tag k="local_x" v="80.6662"/>
    <tag k="local_y" v="-169.5151"/>
    <tag k="ele" v="0.9038"/>
  </node>
  <node id="810" lat="48.74347288642" lon="7.64087197903">
    <tag k="local_x" v="81.6333"/>
    <tag k="local_y" v="-169.4921"/>
    <tag k="ele" v="0.936"/>
  </node>
  <node id="811" lat="48.7434732484" lon="7.64088512445">
    <tag k="local_x" v="82.6004"/>
    <tag k="local_y" v="-169.4691"/>
    <tag k="ele" v="0.9682"/>
  </node>
  <node id="812" lat="48.74347360948" lon="7.6408982699">
    <tag k="local_x" v="83.5675"/>
    <tag k="local_y" v="-169.4462"/>
    <tag k="ele" v="1.0004"/>
  </node>
  <node id="814" lat="48.7434714122" lon="7.6409068567">
    <tag k="local_x" v="84.1944"/>
    <tag k="local_y" v="-169.7017"/>
    <tag k="ele" v="1.007"/>
  </node>
  <node id="816" lat="48.7434717742" lon="7.64092000348">
    <tag k="local_x" v="85.1616"/>
    <tag k="local_y" v="-169.6787"/>
    <tag k="ele" v="1.0247"/>
  </node>
  <node id="817" lat="48.74347213527" lon="7.64093314893">
    <tag k="local_x" v="86.1287"/>
    <tag k="local_y" v="-169.6558"/>
    <tag k="ele" v="1.0425"/>
  </node>
  <node id="818" lat="48.74347249725" lon="7.64094629435">
    <tag k="local_x" v="87.0958"/>
    <tag k="local_y" v="-169.6328"/>
    <tag k="ele" v="1.0602"/>
  </node>
  <node id="819" lat="48.74347285924" lon="7.64095944113">
    <tag k="local_x" v="88.063"/>
    <tag k="local_y" v="-169.6098"/>
    <tag k="ele" v="1.078"/>
  </node>
  <node id="820" lat="48.74347322121" lon="7.64097258656">
    <tag k="local_x" v="89.0301"/>
    <tag k="local_y" v="-169.5868"/>
    <tag k="ele" v="1.0957"/>
  </node>
  <node id="821" lat="48.74347358228" lon="7.640985732">
    <tag k="local_x" v="89.9972"/>
    <tag k="local_y" v="-169.5639"/>
    <tag k="ele" v="1.1135"/>
  </node>
  <node id="822" lat="48.74347394426" lon="7.64099887879">
    <tag k="local_x" v="90.9644"/>
    <tag k="local_y" v="-169.5409"/>
    <tag k="ele" v="1.1312"/>
  </node>
  <node id="823" lat="48.74347430623" lon="7.64101202421">
    <tag k="local_x" v="91.9315"/>
    <tag k="local_y" v="-169.5179"/>
    <tag k="ele" v="1.149"/>
  </node>
  <node id="824" lat="48.74347466819" lon="7.64102516964">
    <tag k="local_x" v="92.8986"/>
    <tag k="local_y" v="-169.4949"/>
    <tag k="ele" v="1.1667"/>
  </node>
  <node id="825" lat="48.74347502927" lon="7.64103831644">
    <tag k="local_x" v="93.8658"/>
    <tag k="local_y" v="-169.472"/>
    <tag k="ele" v="1.1845"/>
  </node>
  <node id="826" lat="48.74347539124" lon="7.64105146187">
    <tag k="local_x" v="94.8329"/>
    <tag k="local_y" v="-169.449"/>
    <tag k="ele" v="1.2022"/>
  </node>
  <node id="827" lat="48.7434757532" lon="7.64106460729">
    <tag k="local_x" v="95.8"/>
    <tag k="local_y" v="-169.426"/>
    <tag k="ele" v="1.22"/>
  </node>
  <node id="828" lat="48.74347611517" lon="7.64107775408">
    <tag k="local_x" v="96.7672"/>
    <tag k="local_y" v="-169.403"/>
    <tag k="ele" v="1.2377"/>
  </node>
  <node id="829" lat="48.74347647623" lon="7.64109089953">
    <tag k="local_x" v="97.7343"/>
    <tag k="local_y" v="-169.3801"/>
    <tag k="ele" v="1.2555"/>
  </node>
  <node id="830" lat="48.74347683819" lon="7.64110404495">
    <tag k="local_x" v="98.7014"/>
    <tag k="local_y" v="-169.3571"/>
    <tag k="ele" v="1.2732"/>
  </node>
  <node id="831" lat="48.74347720016" lon="7.64111719174">
    <tag k="local_x" v="99.6686"/>
    <tag k="local_y" v="-169.3341"/>
    <tag k="ele" v="1.291"/>
  </node>
  <node id="832" lat="48.74347756211" lon="7.64113033717">
    <tag k="local_x" v="100.6357"/>
    <tag k="local_y" v="-169.3111"/>
    <tag k="ele" v="1.3087"/>
  </node>
  <node id="834" lat="48.74347686963" lon="7.6411421045">
    <tag k="local_x" v="101.4994"/>
    <tag k="local_y" v="-169.4035"/>
    <tag k="ele" v="1.3362"/>
  </node>
  <node id="835" lat="48.74347617713" lon="7.64115387048">
    <tag k="local_x" v="102.363"/>
    <tag k="local_y" v="-169.4959"/>
    <tag k="ele" v="1.3637"/>
  </node>
  <node id="836" lat="48.74347548555" lon="7.64116563779">
    <tag k="local_x" v="103.2267"/>
    <tag k="local_y" v="-169.5882"/>
    <tag k="ele" v="1.3912"/>
  </node>
  <node id="837" lat="48.74347479397" lon="7.6411774051">
    <tag k="local_x" v="104.0904"/>
    <tag k="local_y" v="-169.6805"/>
    <tag k="ele" v="1.4187"/>
  </node>
  <node id="839" lat="48.74347515501" lon="7.64119055055">
    <tag k="local_x" v="105.0575"/>
    <tag k="local_y" v="-169.6576"/>
    <tag k="ele" v="1.4406"/>
  </node>
  <node id="840" lat="48.74347551696" lon="7.64120369598">
    <tag k="local_x" v="106.0246"/>
    <tag k="local_y" v="-169.6346"/>
    <tag k="ele" v="1.4626"/>
  </node>
  <node id="841" lat="48.7434758789" lon="7.6412168414">
    <tag k="local_x" v="106.9917"/>
    <tag k="local_y" v="-169.6116"/>
    <tag k="ele" v="1.4845"/>
  </node>
  <node id="842" lat="48.74347623996" lon="7.64122998822">
    <tag k="local_x" v="107.9589"/>
    <tag k="local_y" v="-169.5887"/>
    <tag k="ele" v="1.5065"/>
  </node>
  <node id="843" lat="48.7434766019" lon="7.64124313364">
    <tag k="local_x" v="108.926"/>
    <tag k="local_y" v="-169.5657"/>
    <tag k="ele" v="1.5284"/>
  </node>
  <node id="844" lat="48.74347696384" lon="7.64125627907">
    <tag k="local_x" v="109.8931"/>
    <tag k="local_y" v="-169.5427"/>
    <tag k="ele" v="1.5504"/>
  </node>
  <node id="845" lat="48.74347732579" lon="7.64126942586">
    <tag k="local_x" v="110.8603"/>
    <tag k="local_y" v="-169.5197"/>
    <tag k="ele" v="1.5724"/>
  </node>
  <node id="846" lat="48.74347768683" lon="7.64128257131">
    <tag k="local_x" v="111.8274"/>
    <tag k="local_y" v="-169.4968"/>
    <tag k="ele" v="1.5943"/>
  </node>
  <node id="847" lat="48.74347804877" lon="7.64129571674">
    <tag k="local_x" v="112.7945"/>
    <tag k="local_y" v="-169.4738"/>
    <tag k="ele" v="1.6163"/>
  </node>
  <node id="848" lat="48.74347841071" lon="7.64130886352">
    <tag k="local_x" v="113.7617"/>
    <tag k="local_y" v="-169.4508"/>
    <tag k="ele" v="1.6382"/>
  </node>
  <node id="849" lat="48.74347877265" lon="7.64132200895">
    <tag k="local_x" v="114.7288"/>
    <tag k="local_y" v="-169.4278"/>
    <tag k="ele" v="1.6602"/>
  </node>
  <node id="850" lat="48.74347913368" lon="7.6413351544">
    <tag k="local_x" v="115.6959"/>
    <tag k="local_y" v="-169.4049"/>
    <tag k="ele" v="1.6822"/>
  </node>
  <node id="851" lat="48.74347949562" lon="7.64134830119">
    <tag k="local_x" v="116.6631"/>
    <tag k="local_y" v="-169.3819"/>
    <tag k="ele" v="1.7041"/>
  </node>
  <node id="852" lat="48.74347985755" lon="7.64136144662">
    <tag k="local_x" v="117.6302"/>
    <tag k="local_y" v="-169.3589"/>
    <tag k="ele" v="1.7261"/>
  </node>
  <node id="853" lat="48.74348021947" lon="7.64137459205">
    <tag k="local_x" v="118.5973"/>
    <tag k="local_y" v="-169.3359"/>
    <tag k="ele" v="1.748"/>
  </node>
  <node id="854" lat="48.74348058051" lon="7.64138773886">
    <tag k="local_x" v="119.5645"/>
    <tag k="local_y" v="-169.313"/>
    <tag k="ele" v="1.77"/>
  </node>
  <node id="855" lat="48.74348094244" lon="7.64140088429">
    <tag k="local_x" v="120.5316"/>
    <tag k="local_y" v="-169.29"/>
    <tag k="ele" v="1.792"/>
  </node>
  <node id="857" lat="48.74348243465" lon="7.64142039253">
    <tag k="local_x" v="121.9687"/>
    <tag k="local_y" v="-169.1497"/>
    <tag k="ele" v="1.8166"/>
  </node>
  <node id="858" lat="48.74348283163" lon="7.64143376418">
    <tag k="local_x" v="122.9525"/>
    <tag k="local_y" v="-169.1231"/>
    <tag k="ele" v="1.8405"/>
  </node>
  <node id="859" lat="48.7434832286" lon="7.64144713583">
    <tag k="local_x" v="123.9363"/>
    <tag k="local_y" v="-169.0965"/>
    <tag k="ele" v="1.8644"/>
  </node>
  <node id="860" lat="48.74348362557" lon="7.64146050748">
    <tag k="local_x" v="124.9201"/>
    <tag k="local_y" v="-169.0699"/>
    <tag k="ele" v="1.8883"/>
  </node>
  <node id="861" lat="48.74348402254" lon="7.64147387913">
    <tag k="local_x" v="125.9039"/>
    <tag k="local_y" v="-169.0433"/>
    <tag k="ele" v="1.9122"/>
  </node>
  <node id="862" lat="48.7434844186" lon="7.64148725081">
    <tag k="local_x" v="126.8877"/>
    <tag k="local_y" v="-169.0168"/>
    <tag k="ele" v="1.9362"/>
  </node>
  <node id="863" lat="48.74348481557" lon="7.64150062246">
    <tag k="local_x" v="127.8715"/>
    <tag k="local_y" v="-168.9902"/>
    <tag k="ele" v="1.9601"/>
  </node>
  <node id="864" lat="48.74348521253" lon="7.64151399411">
    <tag k="local_x" v="128.8553"/>
    <tag k="local_y" v="-168.9636"/>
    <tag k="ele" v="1.984"/>
  </node>
  <node id="865" lat="48.7434856095" lon="7.64152736577">
    <tag k="local_x" v="129.8391"/>
    <tag k="local_y" v="-168.937"/>
    <tag k="ele" v="2.0079"/>
  </node>
  <node id="866" lat="48.74348600646" lon="7.64154073742">
    <tag k="local_x" v="130.8229"/>
    <tag k="local_y" v="-168.9104"/>
    <tag k="ele" v="2.0319"/>
  </node>
  <node id="867" lat="48.74348640342" lon="7.64155410907">
    <tag k="local_x" v="131.8067"/>
    <tag k="local_y" v="-168.8838"/>
    <tag k="ele" v="2.0558"/>
  </node>
  <node id="868" lat="48.74348680037" lon="7.64156748072">
    <tag k="local_x" v="132.7905"/>
    <tag k="local_y" v="-168.8572"/>
    <tag k="ele" v="2.0797"/>
  </node>
  <node id="869" lat="48.74348719733" lon="7.64158085238">
    <tag k="local_x" v="133.7743"/>
    <tag k="local_y" v="-168.8306"/>
    <tag k="ele" v="2.1036"/>
  </node>
  <node id="870" lat="48.74348759428" lon="7.64159422403">
    <tag k="local_x" v="134.7581"/>
    <tag k="local_y" v="-168.804"/>
    <tag k="ele" v="2.1275"/>
  </node>
  <node id="871" lat="48.74348799034" lon="7.64160759571">
    <tag k="local_x" v="135.7419"/>
    <tag k="local_y" v="-168.7775"/>
    <tag k="ele" v="2.1515"/>
  </node>
  <node id="872" lat="48.74348838729" lon="7.64162096736">
    <tag k="local_x" v="136.7257"/>
    <tag k="local_y" v="-168.7509"/>
    <tag k="ele" v="2.1754"/>
  </node>
  <node id="873" lat="48.74348878424" lon="7.64163433902">
    <tag k="local_x" v="137.7095"/>
    <tag k="local_y" v="-168.7243"/>
    <tag k="ele" v="2.1993"/>
  </node>
  <node id="874" lat="48.74348918119" lon="7.64164771067">
    <tag k="local_x" v="138.6933"/>
    <tag k="local_y" v="-168.6977"/>
    <tag k="ele" v="2.2232"/>
  </node>
  <node id="875" lat="48.74348957813" lon="7.64166108233">
    <tag k="local_x" v="139.6771"/>
    <tag k="local_y" v="-168.6711"/>
    <tag k="ele" v="2.2472"/>
  </node>
  <node id="876" lat="48.74348997508" lon="7.64167445398">
    <tag k="local_x" v="140.6609"/>
    <tag k="local_y" v="-168.6445"/>
    <tag k="ele" v="2.2711"/>
  </node>
  <node id="877" lat="48.74349037202" lon="7.64168782564">
    <tag k="local_x" v="141.6447"/>
    <tag k="local_y" v="-168.6179"/>
    <tag k="ele" v="2.295"/>
  </node>
  <node id="878" lat="48.74349076896" lon="7.64170119729">
    <tag k="local_x" v="142.6285"/>
    <tag k="local_y" v="-168.5913"/>
    <tag k="ele" v="2.3189"/>
  </node>
  <node id="879" lat="48.74349116592" lon="7.64171457031">
    <tag k="local_x" v="143.6124"/>
    <tag k="local_y" v="-168.5647"/>
    <tag k="ele" v="2.3429"/>
  </node>
  <node id="881" lat="48.74348168899" lon="7.64141063772">
    <tag k="local_x" v="121.2501"/>
    <tag k="local_y" v="-169.2198"/>
    <tag k="ele" v="1.8043"/>
  </node>
  <node id="883" lat="48.74349142919" lon="7.64172492168">
    <tag k="local_x" v="144.3739"/>
    <tag k="local_y" v="-168.549"/>
    <tag k="ele" v="2.3499"/>
  </node>
  <node id="884" lat="48.74349169338" lon="7.64173527439">
    <tag k="local_x" v="145.1355"/>
    <tag k="local_y" v="-168.5332"/>
    <tag k="ele" v="2.3569"/>
  </node>
  <node id="885" lat="48.74349195665" lon="7.64174562577">
    <tag k="local_x" v="145.897"/>
    <tag k="local_y" v="-168.5175"/>
    <tag k="ele" v="2.3639"/>
  </node>
  <node id="886" lat="48.74349201426" lon="7.64175593099">
    <tag k="local_x" v="146.6547"/>
    <tag k="local_y" v="-168.5246"/>
    <tag k="ele" v="2.4022"/>
  </node>
  <node id="887" lat="48.7434914532" lon="7.64176618352">
    <tag k="local_x" v="147.4073"/>
    <tag k="local_y" v="-168.6004"/>
    <tag k="ele" v="2.4304"/>
  </node>
  <node id="888" lat="48.74349015331" lon="7.64177626416">
    <tag k="local_x" v="148.1458"/>
    <tag k="local_y" v="-168.7581"/>
    <tag k="ele" v="2.4754"/>
  </node>
  <node id="889" lat="48.7434881268" lon="7.64178606377">
    <tag k="local_x" v="148.8622"/>
    <tag k="local_y" v="-168.9962"/>
    <tag k="ele" v="2.5313"/>
  </node>
  <node id="890" lat="48.74348533433" lon="7.64179545008">
    <tag k="local_x" v="149.5467"/>
    <tag k="local_y" v="-169.3189"/>
    <tag k="ele" v="2.5664"/>
  </node>
  <node id="891" lat="48.74348183551" lon="7.64180429092">
    <tag k="local_x" v="150.1897"/>
    <tag k="local_y" v="-169.7194"/>
    <tag k="ele" v="2.5965"/>
  </node>
  <node id="892" lat="48.7434776851" lon="7.64181242294">
    <tag k="local_x" v="150.7793"/>
    <tag k="local_y" v="-170.1914"/>
    <tag k="ele" v="2.6663"/>
  </node>
  <node id="893" lat="48.74347293483" lon="7.64181980937">
    <tag k="local_x" v="151.3129"/>
    <tag k="local_y" v="-170.7291"/>
    <tag k="ele" v="2.6602"/>
  </node>
  <node id="894" lat="48.74346761422" lon="7.6418262821">
    <tag k="local_x" v="151.7782"/>
    <tag k="local_y" v="-171.329"/>
    <tag k="ele" v="2.6534"/>
  </node>
  <node id="895" lat="48.74346184623" lon="7.64183181606">
    <tag k="local_x" v="152.1736"/>
    <tag k="local_y" v="-171.9774"/>
    <tag k="ele" v="2.6634"/>
  </node>
  <node id="896" lat="48.74345567931" lon="7.64183624942">
    <tag k="local_x" v="152.4873"/>
    <tag k="local_y" v="-172.6687"/>
    <tag k="ele" v="2.683"/>
  </node>
  <node id="897" lat="48.74344921609" lon="7.64183958623">
    <tag k="local_x" v="152.7198"/>
    <tag k="local_y" v="-173.3915"/>
    <tag k="ele" v="2.7099"/>
  </node>
  <node id="898" lat="48.74344253594" lon="7.64184176858">
    <tag k="local_x" v="152.867"/>
    <tag k="local_y" v="-174.1369"/>
    <tag k="ele" v="2.7284"/>
  </node>
  <node id="899" lat="48.74343579326" lon="7.64184299634">
    <tag k="local_x" v="152.9439"/>
    <tag k="local_y" v="-174.888"/>
    <tag k="ele" v="2.7367"/>
  </node>
  <node id="901" lat="48.74342711187" lon="7.64184346154">
    <tag k="local_x" v="152.9609"/>
    <tag k="local_y" v="-175.8536"/>
    <tag k="ele" v="2.749"/>
  </node>
  <node id="902" lat="48.7434184314" lon="7.64184392808">
    <tag k="local_x" v="152.978"/>
    <tag k="local_y" v="-176.8191"/>
    <tag k="ele" v="2.7613"/>
  </node>
  <node id="903" lat="48.74340975091" lon="7.64184439326">
    <tag k="local_x" v="152.995"/>
    <tag k="local_y" v="-177.7846"/>
    <tag k="ele" v="2.7736"/>
  </node>
  <node id="904" lat="48.74340107044" lon="7.6418448598">
    <tag k="local_x" v="153.0121"/>
    <tag k="local_y" v="-178.7501"/>
    <tag k="ele" v="2.7859"/>
  </node>
  <node id="905" lat="48.74339238996" lon="7.64184532634">
    <tag k="local_x" v="153.0292"/>
    <tag k="local_y" v="-179.7156"/>
    <tag k="ele" v="2.7981"/>
  </node>
  <node id="906" lat="48.74338370858" lon="7.64184579154">
    <tag k="local_x" v="153.0462"/>
    <tag k="local_y" v="-180.6812"/>
    <tag k="ele" v="2.8104"/>
  </node>
  <node id="907" lat="48.74337502811" lon="7.64184625808">
    <tag k="local_x" v="153.0633"/>
    <tag k="local_y" v="-181.6467"/>
    <tag k="ele" v="2.8227"/>
  </node>
  <node id="908" lat="48.74336634762" lon="7.64184672326">
    <tag k="local_x" v="153.0803"/>
    <tag k="local_y" v="-182.6122"/>
    <tag k="ele" v="2.835"/>
  </node>
  <node id="909" lat="48.74335766714" lon="7.6418471898">
    <tag k="local_x" v="153.0974"/>
    <tag k="local_y" v="-183.5777"/>
    <tag k="ele" v="2.8473"/>
  </node>
  <node id="910" lat="48.74334898667" lon="7.64184765634">
    <tag k="local_x" v="153.1145"/>
    <tag k="local_y" v="-184.5432"/>
    <tag k="ele" v="2.8596"/>
  </node>
  <node id="911" lat="48.74334030529" lon="7.64184812154">
    <tag k="local_x" v="153.1315"/>
    <tag k="local_y" v="-185.5088"/>
    <tag k="ele" v="2.8719"/>
  </node>
  <node id="912" lat="48.74333162481" lon="7.64184858808">
    <tag k="local_x" v="153.1486"/>
    <tag k="local_y" v="-186.4743"/>
    <tag k="ele" v="2.8842"/>
  </node>
  <node id="913" lat="48.74332294434" lon="7.64184905462">
    <tag k="local_x" v="153.1657"/>
    <tag k="local_y" v="-187.4398"/>
    <tag k="ele" v="2.8964"/>
  </node>
  <node id="914" lat="48.74331426385" lon="7.6418495198">
    <tag k="local_x" v="153.1827"/>
    <tag k="local_y" v="-188.4053"/>
    <tag k="ele" v="2.9087"/>
  </node>
  <node id="915" lat="48.74330558338" lon="7.64184998633">
    <tag k="local_x" v="153.1998"/>
    <tag k="local_y" v="-189.3708"/>
    <tag k="ele" v="2.921"/>
  </node>
  <node id="916" lat="48.74329690199" lon="7.64185045153">
    <tag k="local_x" v="153.2168"/>
    <tag k="local_y" v="-190.3364"/>
    <tag k="ele" v="2.9333"/>
  </node>
  <node id="917" lat="48.74328822152" lon="7.64185091807">
    <tag k="local_x" v="153.2339"/>
    <tag k="local_y" v="-191.3019"/>
    <tag k="ele" v="2.9456"/>
  </node>
  <node id="918" lat="48.74327954105" lon="7.64185138461">
    <tag k="local_x" v="153.251"/>
    <tag k="local_y" v="-192.2674"/>
    <tag k="ele" v="2.9579"/>
  </node>
  <node id="919" lat="48.74327086056" lon="7.64185184978">
    <tag k="local_x" v="153.268"/>
    <tag k="local_y" v="-193.2329"/>
    <tag k="ele" v="2.9702"/>
  </node>
  <node id="920" lat="48.74326218009" lon="7.64185231632">
    <tag k="local_x" v="153.2851"/>
    <tag k="local_y" v="-194.1984"/>
    <tag k="ele" v="2.9825"/>
  </node>
  <node id="921" lat="48.7432534987" lon="7.64185278152">
    <tag k="local_x" v="153.3021"/>
    <tag k="local_y" v="-195.164"/>
    <tag k="ele" v="2.9948"/>
  </node>
  <node id="922" lat="48.74324481823" lon="7.64185324806">
    <tag k="local_x" v="153.3192"/>
    <tag k="local_y" v="-196.1295"/>
    <tag k="ele" v="3.007"/>
  </node>
  <node id="923" lat="48.74323613776" lon="7.64185371459">
    <tag k="local_x" v="153.3363"/>
    <tag k="local_y" v="-197.095"/>
    <tag k="ele" v="3.0193"/>
  </node>
  <node id="924" lat="48.74322745727" lon="7.64185417977">
    <tag k="local_x" v="153.3533"/>
    <tag k="local_y" v="-198.0605"/>
    <tag k="ele" v="3.0316"/>
  </node>
  <node id="925" lat="48.74321877679" lon="7.6418546463">
    <tag k="local_x" v="153.3704"/>
    <tag k="local_y" v="-199.026"/>
    <tag k="ele" v="3.0439"/>
  </node>
  <node id="926" lat="48.74321009632" lon="7.64185511284">
    <tag k="local_x" v="153.3875"/>
    <tag k="local_y" v="-199.9915"/>
    <tag k="ele" v="3.0562"/>
  </node>
  <node id="928" lat="48.74320388134" lon="7.64185523952">
    <tag k="local_x" v="153.3845"/>
    <tag k="local_y" v="-200.6825"/>
    <tag k="ele" v="3.0619"/>
  </node>
  <node id="929" lat="48.74319767491" lon="7.64185509936">
    <tag k="local_x" v="153.3619"/>
    <tag k="local_y" v="-201.3722"/>
    <tag k="ele" v="3.0626"/>
  </node>
  <node id="930" lat="48.74319155301" lon="7.64185381157">
    <tag k="local_x" v="153.2551"/>
    <tag k="local_y" v="-202.051"/>
    <tag k="ele" v="3.0812"/>
  </node>
  <node id="931" lat="48.74318565015" lon="7.64185095767">
    <tag k="local_x" v="153.0336"/>
    <tag k="local_y" v="-202.7034"/>
    <tag k="ele" v="3.0769"/>
  </node>
  <node id="932" lat="48.74318009958" lon="7.64184677481">
    <tag k="local_x" v="152.7151"/>
    <tag k="local_y" v="-203.3149"/>
    <tag k="ele" v="3.0756"/>
  </node>
  <node id="933" lat="48.74317501356" lon="7.64184140009">
    <tag k="local_x" v="152.3099"/>
    <tag k="local_y" v="-203.8732"/>
    <tag k="ele" v="3.0816"/>
  </node>
  <node id="934" lat="48.74317059965" lon="7.64183481022">
    <tag k="local_x" v="151.8167"/>
    <tag k="local_y" v="-204.3552"/>
    <tag k="ele" v="3.071"/>
  </node>
  <node id="935" lat="48.74316686095" lon="7.64182734655">
    <tag k="local_x" v="151.2606"/>
    <tag k="local_y" v="-204.761"/>
    <tag k="ele" v="3.0627"/>
  </node>
  <node id="936" lat="48.74316371416" lon="7.64181926842">
    <tag k="local_x" v="150.6605"/>
    <tag k="local_y" v="-205.1002"/>
    <tag k="ele" v="3.0423"/>
  </node>
  <node id="938" lat="48.74316033439" lon="7.64180768165">
    <tag k="local_x" v="149.802"/>
    <tag k="local_y" v="-205.4607"/>
    <tag k="ele" v="3.0722"/>
  </node>
  <node id="939" lat="48.74315695463" lon="7.64179609487">
    <tag k="local_x" v="148.9435"/>
    <tag k="local_y" v="-205.8212"/>
    <tag k="ele" v="3.102"/>
  </node>
  <node id="940" lat="48.74315357487" lon="7.64178450946">
    <tag k="local_x" v="148.0851"/>
    <tag k="local_y" v="-206.1817"/>
    <tag k="ele" v="3.1319"/>
  </node>
  <node id="941" lat="48.74315019512" lon="7.64177292405">
    <tag k="local_x" v="147.2267"/>
    <tag k="local_y" v="-206.5422"/>
    <tag k="ele" v="3.1617"/>
  </node>
  <node id="943" lat="48.74314790687" lon="7.64176326801">
    <tag k="local_x" v="146.5123"/>
    <tag k="local_y" v="-206.7839"/>
    <tag k="ele" v="3.1895"/>
  </node>
  <node id="944" lat="48.74314662267" lon="7.64175331149">
    <tag k="local_x" v="145.7778"/>
    <tag k="local_y" v="-206.9136"/>
    <tag k="ele" v="3.1177"/>
  </node>
  <node id="945" lat="48.74314639314" lon="7.64174315107">
    <tag k="local_x" v="145.0304"/>
    <tag k="local_y" v="-206.9258"/>
    <tag k="ele" v="3.1918"/>
  </node>
  <node id="946" lat="48.74314716268" lon="7.64173295557">
    <tag k="local_x" v="144.2824"/>
    <tag k="local_y" v="-206.8269"/>
    <tag k="ele" v="3.1832"/>
  </node>
  <node id="947" lat="48.74314916674" lon="7.64172315936">
    <tag k="local_x" v="143.5662"/>
    <tag k="local_y" v="-206.5913"/>
    <tag k="ele" v="3.1654"/>
  </node>
  <node id="948" lat="48.74315195835" lon="7.6417137772">
    <tag k="local_x" v="142.882"/>
    <tag k="local_y" v="-206.2687"/>
    <tag k="ele" v="3.1553"/>
  </node>
  <node id="950" lat="48.74315538488" lon="7.6417025443">
    <tag k="local_x" v="142.063"/>
    <tag k="local_y" v="-205.8731"/>
    <tag k="ele" v="3.1301"/>
  </node>
  <node id="951" lat="48.7431588105" lon="7.64169131006">
    <tag k="local_x" v="141.2439"/>
    <tag k="local_y" v="-205.4776"/>
    <tag k="ele" v="3.1049"/>
  </node>
  <node id="952" lat="48.74316223703" lon="7.64168007715">
    <tag k="local_x" v="140.4249"/>
    <tag k="local_y" v="-205.082"/>
    <tag k="ele" v="3.0797"/>
  </node>
  <node id="953" lat="48.74316566355" lon="7.64166884425">
    <tag k="local_x" v="139.6059"/>
    <tag k="local_y" v="-204.6864"/>
    <tag k="ele" v="3.0545"/>
  </node>
  <node id="954" lat="48.74316908918" lon="7.64165761136">
    <tag k="local_x" v="138.7869"/>
    <tag k="local_y" v="-204.2909"/>
    <tag k="ele" v="3.0293"/>
  </node>
  <node id="955" lat="48.74317251569" lon="7.64164637709">
    <tag k="local_x" v="137.9678"/>
    <tag k="local_y" v="-203.8953"/>
    <tag k="ele" v="3.0041"/>
  </node>
  <node id="956" lat="48.74317594221" lon="7.64163514418">
    <tag k="local_x" v="137.1488"/>
    <tag k="local_y" v="-203.4997"/>
    <tag k="ele" v="2.979"/>
  </node>
  <node id="957" lat="48.74317936784" lon="7.64162391129">
    <tag k="local_x" v="136.3298"/>
    <tag k="local_y" v="-203.1042"/>
    <tag k="ele" v="2.9538"/>
  </node>
  <node id="958" lat="48.74318279434" lon="7.64161267701">
    <tag k="local_x" v="135.5107"/>
    <tag k="local_y" v="-202.7086"/>
    <tag k="ele" v="2.9286"/>
  </node>
  <node id="959" lat="48.74318622086" lon="7.6416014441">
    <tag k="local_x" v="134.6917"/>
    <tag k="local_y" v="-202.313"/>
    <tag k="ele" v="2.9034"/>
  </node>
  <node id="961" lat="48.74318920924" lon="7.64159265106">
    <tag k="local_x" v="134.0512"/>
    <tag k="local_y" v="-201.9693"/>
    <tag k="ele" v="2.9013"/>
  </node>
  <node id="962" lat="48.7431925638" lon="7.64158416645">
    <tag k="local_x" v="133.4341"/>
    <tag k="local_y" v="-201.5853"/>
    <tag k="ele" v="2.9013"/>
  </node>
  <node id="963" lat="48.7431962494" lon="7.64157636666">
    <tag k="local_x" v="132.868"/>
    <tag k="local_y" v="-201.1654"/>
    <tag k="ele" v="2.7763"/>
  </node>
  <node id="965" lat="48.74320207014" lon="7.64156615061">
    <tag k="local_x" v="132.1285"/>
    <tag k="local_y" v="-200.505"/>
    <tag k="ele" v="2.7426"/>
  </node>
  <node id="966" lat="48.74320789088" lon="7.64155593456">
    <tag k="local_x" v="131.389"/>
    <tag k="local_y" v="-199.8446"/>
    <tag k="ele" v="2.7089"/>
  </node>
  <node id="967" lat="48.74321371252" lon="7.64154571848">
    <tag k="local_x" v="130.6495"/>
    <tag k="local_y" v="-199.1841"/>
    <tag k="ele" v="2.6752"/>
  </node>
  <node id="968" lat="48.74321953325" lon="7.64153550243">
    <tag k="local_x" v="129.91"/>
    <tag k="local_y" v="-198.5237"/>
    <tag k="ele" v="2.6415"/>
  </node>
  <node id="969" lat="48.74322535399" lon="7.64152528637">
    <tag k="local_x" v="129.1705"/>
    <tag k="local_y" v="-197.8633"/>
    <tag k="ele" v="2.6078"/>
  </node>
  <node id="970" lat="48.74323117562" lon="7.64151507029">
    <tag k="local_x" v="128.431"/>
    <tag k="local_y" v="-197.2028"/>
    <tag k="ele" v="2.5742"/>
  </node>
  <node id="971" lat="48.74323699635" lon="7.64150485422">
    <tag k="local_x" v="127.6915"/>
    <tag k="local_y" v="-196.5424"/>
    <tag k="ele" v="2.5405"/>
  </node>
  <node id="972" lat="48.74324281708" lon="7.64149463816">
    <tag k="local_x" v="126.952"/>
    <tag k="local_y" v="-195.882"/>
    <tag k="ele" v="2.5068"/>
  </node>
  <node id="973" lat="48.74324863871" lon="7.64148442207">
    <tag k="local_x" v="126.2125"/>
    <tag k="local_y" v="-195.2215"/>
    <tag k="ele" v="2.4731"/>
  </node>
  <node id="974" lat="48.74325445944" lon="7.641474206">
    <tag k="local_x" v="125.473"/>
    <tag k="local_y" v="-194.5611"/>
    <tag k="ele" v="2.4394"/>
  </node>
  <node id="975" lat="48.74326028017" lon="7.64146398993">
    <tag k="local_x" v="124.7335"/>
    <tag k="local_y" v="-193.9007"/>
    <tag k="ele" v="2.4058"/>
  </node>
  <node id="976" lat="48.7432661018" lon="7.64145377383">
    <tag k="local_x" v="123.994"/>
    <tag k="local_y" v="-193.2402"/>
    <tag k="ele" v="2.3721"/>
  </node>
  <node id="977" lat="48.74327192253" lon="7.64144355776">
    <tag k="local_x" v="123.2545"/>
    <tag k="local_y" v="-192.5798"/>
    <tag k="ele" v="2.3384"/>
  </node>
  <node id="978" lat="48.74327774415" lon="7.64143334165">
    <tag k="local_x" v="122.515"/>
    <tag k="local_y" v="-191.9193"/>
    <tag k="ele" v="2.3047"/>
  </node>
  <node id="979" lat="48.74328356488" lon="7.64142312557">
    <tag k="local_x" v="121.7755"/>
    <tag k="local_y" v="-191.2589"/>
    <tag k="ele" v="2.271"/>
  </node>
  <node id="980" lat="48.7432893856" lon="7.64141290949">
    <tag k="local_x" v="121.036"/>
    <tag k="local_y" v="-190.5985"/>
    <tag k="ele" v="2.2374"/>
  </node>
  <node id="981" lat="48.74329520722" lon="7.64140269338">
    <tag k="local_x" v="120.2965"/>
    <tag k="local_y" v="-189.938"/>
    <tag k="ele" v="2.2037"/>
  </node>
  <node id="982" lat="48.74330102796" lon="7.64139247865">
    <tag k="local_x" v="119.5571"/>
    <tag k="local_y" v="-189.2776"/>
    <tag k="ele" v="2.17"/>
  </node>
  <node id="984" lat="48.74330515796" lon="7.64138803486">
    <tag k="local_x" v="119.2386"/>
    <tag k="local_y" v="-188.8127"/>
    <tag k="ele" v="2.1516"/>
  </node>
  <node id="985" lat="48.74330928798" lon="7.64138359244">
    <tag k="local_x" v="118.9202"/>
    <tag k="local_y" v="-188.3478"/>
    <tag k="ele" v="2.1331"/>
  </node>
  <node id="986" lat="48.743313418" lon="7.64137915001">
    <tag k="local_x" v="118.6018"/>
    <tag k="local_y" v="-187.8829"/>
    <tag k="ele" v="2.1147"/>
  </node>
  <node id="988" lat="48.74332040131" lon="7.6413710926">
    <tag k="local_x" v="118.0233"/>
    <tag k="local_y" v="-187.0961"/>
    <tag k="ele" v="2.083"/>
  </node>
  <node id="989" lat="48.74332738462" lon="7.64136303519">
    <tag k="local_x" v="117.4448"/>
    <tag k="local_y" v="-186.3093"/>
    <tag k="ele" v="2.0514"/>
  </node>
  <node id="990" lat="48.74333436793" lon="7.64135497778">
    <tag k="local_x" v="116.8663"/>
    <tag k="local_y" v="-185.5225"/>
    <tag k="ele" v="2.0198"/>
  </node>
  <node id="991" lat="48.74334135125" lon="7.64134692037">
    <tag k="local_x" v="116.2878"/>
    <tag k="local_y" v="-184.7357"/>
    <tag k="ele" v="1.9882"/>
  </node>
  <node id="992" lat="48.74334833456" lon="7.64133886296">
    <tag k="local_x" v="115.7093"/>
    <tag k="local_y" v="-183.9489"/>
    <tag k="ele" v="1.9565"/>
  </node>
  <node id="993" lat="48.74335531787" lon="7.64133080554">
    <tag k="local_x" v="115.1308"/>
    <tag k="local_y" v="-183.1621"/>
    <tag k="ele" v="1.9249"/>
  </node>
  <node id="994" lat="48.74336230118" lon="7.64132274812">
    <tag k="local_x" v="114.5523"/>
    <tag k="local_y" v="-182.3753"/>
    <tag k="ele" v="1.8933"/>
  </node>
  <node id="995" lat="48.74336928449" lon="7.6413146907">
    <tag k="local_x" v="113.9738"/>
    <tag k="local_y" v="-181.5885"/>
    <tag k="ele" v="1.8617"/>
  </node>
  <node id="996" lat="48.74337626779" lon="7.64130663327">
    <tag k="local_x" v="113.3953"/>
    <tag k="local_y" v="-180.8017"/>
    <tag k="ele" v="1.8301"/>
  </node>
  <node id="997" lat="48.7433832511" lon="7.64129857585">
    <tag k="local_x" v="112.8168"/>
    <tag k="local_y" v="-180.0149"/>
    <tag k="ele" v="1.7984"/>
  </node>
  <node id="998" lat="48.74339023441" lon="7.64129051842">
    <tag k="local_x" v="112.2383"/>
    <tag k="local_y" v="-179.2281"/>
    <tag k="ele" v="1.7668"/>
  </node>
  <node id="999" lat="48.74339721772" lon="7.64128246099">
    <tag k="local_x" v="111.6598"/>
    <tag k="local_y" v="-178.4413"/>
    <tag k="ele" v="1.7352"/>
  </node>
  <node id="1000" lat="48.74340420104" lon="7.64127440492">
    <tag k="local_x" v="111.0814"/>
    <tag k="local_y" v="-177.6545"/>
    <tag k="ele" v="1.7036"/>
  </node>
  <node id="1001" lat="48.74341118434" lon="7.64126634748">
    <tag k="local_x" v="110.5029"/>
    <tag k="local_y" v="-176.8677"/>
    <tag k="ele" v="1.672"/>
  </node>
  <node id="1002" lat="48.74341816765" lon="7.64125829004">
    <tag k="local_x" v="109.9244"/>
    <tag k="local_y" v="-176.0809"/>
    <tag k="ele" v="1.6403"/>
  </node>
  <node id="1003" lat="48.74342515095" lon="7.6412502326">
    <tag k="local_x" v="109.3459"/>
    <tag k="local_y" v="-175.2941"/>
    <tag k="ele" v="1.6087"/>
  </node>
  <node id="1004" lat="48.74343213426" lon="7.64124217516">
    <tag k="local_x" v="108.7674"/>
    <tag k="local_y" v="-174.5073"/>
    <tag k="ele" v="1.5771"/>
  </node>
  <node id="1005" lat="48.74343911756" lon="7.64123411772">
    <tag k="local_x" v="108.1889"/>
    <tag k="local_y" v="-173.7205"/>
    <tag k="ele" v="1.5455"/>
  </node>
  <node id="1006" lat="48.74344610176" lon="7.64122606025">
    <tag k="local_x" v="107.6104"/>
    <tag k="local_y" v="-172.9336"/>
    <tag k="ele" v="1.5139"/>
  </node>
  <node id="1068" lat="48.74366309128" lon="7.64035786658">
    <tag k="local_x" v="44.2157"/>
    <tag k="local_y" v="-147.6754"/>
    <tag k="ele" v="-0.2675"/>
  </node>
  <node id="1069" lat="48.74365922107" lon="7.64035847837">
    <tag k="local_x" v="44.253"/>
    <tag k="local_y" v="-148.1064"/>
    <tag k="ele" v="-0.2675"/>
  </node>
  <node id="1070" lat="48.74365572658" lon="7.64035929088">
    <tag k="local_x" v="44.3058"/>
    <tag k="local_y" v="-148.4959"/>
    <tag k="ele" v="-0.2675"/>
  </node>
  <node id="1071" lat="48.74365226116" lon="7.64036035561">
    <tag k="local_x" v="44.3772"/>
    <tag k="local_y" v="-148.8825"/>
    <tag k="ele" v="-0.2675"/>
  </node>
  <node id="1072" lat="48.74364883195" lon="7.6403616683">
    <tag k="local_x" v="44.4669"/>
    <tag k="local_y" v="-149.2654"/>
    <tag k="ele" v="-0.2675"/>
  </node>
  <node id="1073" lat="48.74364544792" lon="7.64036322597">
    <tag k="local_x" v="44.5747"/>
    <tag k="local_y" v="-149.6436"/>
    <tag k="ele" v="-0.2675"/>
  </node>
  <node id="1074" lat="48.74364211711" lon="7.6403650257">
    <tag k="local_x" v="44.7004"/>
    <tag k="local_y" v="-150.0162"/>
    <tag k="ele" v="-0.2675"/>
  </node>
  <node id="1075" lat="48.74363884581" lon="7.64036706459">
    <tag k="local_x" v="44.8438"/>
    <tag k="local_y" v="-150.3825"/>
    <tag k="ele" v="-0.2675"/>
  </node>
  <node id="1076" lat="48.74363564202" lon="7.64036933563">
    <tag k="local_x" v="45.0044"/>
    <tag k="local_y" v="-150.7416"/>
    <tag k="ele" v="-0.2675"/>
  </node>
  <node id="1077" lat="48.74363251291" lon="7.6403718359">
    <tag k="local_x" v="45.182"/>
    <tag k="local_y" v="-151.0927"/>
    <tag k="ele" v="-0.2675"/>
  </node>
  <node id="1078" lat="48.74362946649" lon="7.64037455838">
    <tag k="local_x" v="45.3761"/>
    <tag k="local_y" v="-151.4349"/>
    <tag k="ele" v="-0.2675"/>
  </node>
  <node id="1079" lat="48.74362650809" lon="7.6403774975">
    <tag k="local_x" v="45.5863"/>
    <tag k="local_y" v="-151.7676"/>
    <tag k="ele" v="-0.2675"/>
  </node>
  <node id="1080" lat="48.74362364574" lon="7.64038064758">
    <tag k="local_x" v="45.8122"/>
    <tag k="local_y" v="-152.0899"/>
    <tag k="ele" v="-0.2675"/>
  </node>
  <node id="1081" lat="48.74362088562" lon="7.64038399895">
    <tag k="local_x" v="46.0531"/>
    <tag k="local_y" v="-152.4011"/>
    <tag k="ele" v="-0.2675"/>
  </node>
  <node id="1082" lat="48.74361797284" lon="7.64038790671">
    <tag k="local_x" v="46.3346"/>
    <tag k="local_y" v="-152.73"/>
    <tag k="ele" v="-0.2675"/>
  </node>
  <node id="1083" lat="48.74365989067" lon="7.64031298899">
    <tag k="local_x" v="40.9102"/>
    <tag k="local_y" v="-147.9723"/>
    <tag k="ele" v="-0.2675"/>
  </node>
  <node id="1084" lat="48.74365531696" lon="7.64031375444">
    <tag k="local_x" v="40.9574"/>
    <tag k="local_y" v="-148.4817"/>
    <tag k="ele" v="-0.2675"/>
  </node>
  <node id="1085" lat="48.74365042057" lon="7.64031492443">
    <tag k="local_x" v="41.0337"/>
    <tag k="local_y" v="-149.0275"/>
    <tag k="ele" v="-0.2675"/>
  </node>
  <node id="1086" lat="48.7436455679" lon="7.64031644556">
    <tag k="local_x" v="41.1359"/>
    <tag k="local_y" v="-149.5689"/>
    <tag k="ele" v="-0.2675"/>
  </node>
  <node id="1087" lat="48.74364076791" lon="7.64031831486">
    <tag k="local_x" v="41.2638"/>
    <tag k="local_y" v="-150.1049"/>
    <tag k="ele" v="-0.2675"/>
  </node>
  <node id="1088" lat="48.74363603405" lon="7.64032052652">
    <tag k="local_x" v="41.417"/>
    <tag k="local_y" v="-150.634"/>
    <tag k="ele" v="-0.2675"/>
  </node>
  <node id="1089" lat="48.74363137436" lon="7.64032307761">
    <tag k="local_x" v="41.5953"/>
    <tag k="local_y" v="-151.1553"/>
    <tag k="ele" v="-0.2675"/>
  </node>
  <node id="1090" lat="48.74362680134" lon="7.64032595962">
    <tag k="local_x" v="41.7981"/>
    <tag k="local_y" v="-151.6674"/>
    <tag k="ele" v="-0.2675"/>
  </node>
  <node id="1091" lat="48.74362232394" lon="7.64032916825">
    <tag k="local_x" v="42.0251"/>
    <tag k="local_y" v="-152.1693"/>
    <tag k="ele" v="-0.2675"/>
  </node>
  <node id="1092" lat="48.74361795375" lon="7.64033269501">
    <tag k="local_x" v="42.2757"/>
    <tag k="local_y" v="-152.6597"/>
    <tag k="ele" v="-0.2675"/>
  </node>
  <node id="1093" lat="48.74361369968" lon="7.64033653285">
    <tag k="local_x" v="42.5494"/>
    <tag k="local_y" v="-153.1376"/>
    <tag k="ele" v="-0.2675"/>
  </node>
  <node id="1094" lat="48.74360957151" lon="7.64034067064">
    <tag k="local_x" v="42.8454"/>
    <tag k="local_y" v="-153.6019"/>
    <tag k="ele" v="-0.2675"/>
  </node>
  <node id="1095" lat="48.74360557906" lon="7.64034510267">
    <tag k="local_x" v="43.1633"/>
    <tag k="local_y" v="-154.0515"/>
    <tag k="ele" v="-0.2675"/>
  </node>
  <node id="1096" lat="48.74360173025" lon="7.64034981512">
    <tag k="local_x" v="43.5021"/>
    <tag k="local_y" v="-154.4855"/>
    <tag k="ele" v="-0.2675"/>
  </node>
  <node id="1097" lat="48.74359829605" lon="7.64035444021">
    <tag k="local_x" v="43.8353"/>
    <tag k="local_y" v="-154.8733"/>
    <tag k="ele" v="-0.2675"/>
  </node>
  <node id="1101" lat="48.74349009081" lon="7.64058637894">
    <tag k="local_x" v="60.6716"/>
    <tag k="local_y" v="-167.2052"/>
    <tag k="ele" v="0.2327"/>
  </node>
  <node id="1102" lat="48.74348812809" lon="7.64059097791">
    <tag k="local_x" v="61.0058"/>
    <tag k="local_y" v="-167.4294"/>
    <tag k="ele" v="0.2327"/>
  </node>
  <node id="1103" lat="48.74348676777" lon="7.64059501244">
    <tag k="local_x" v="61.2997"/>
    <tag k="local_y" v="-167.5859"/>
    <tag k="ele" v="0.2327"/>
  </node>
  <node id="1104" lat="48.74348564008" lon="7.64059916857">
    <tag k="local_x" v="61.603"/>
    <tag k="local_y" v="-167.7167"/>
    <tag k="ele" v="0.2327"/>
  </node>
  <node id="1105" lat="48.7434847492" lon="7.6406034176">
    <tag k="local_x" v="61.9136"/>
    <tag k="local_y" v="-167.8213"/>
    <tag k="ele" v="0.2327"/>
  </node>
  <node id="1106" lat="48.74348409834" lon="7.64060772818">
    <tag k="local_x" v="62.2292"/>
    <tag k="local_y" v="-167.8993"/>
    <tag k="ele" v="0.2327"/>
  </node>
  <node id="1107" lat="48.74348368624" lon="7.64061206904">
    <tag k="local_x" v="62.5475"/>
    <tag k="local_y" v="-167.9508"/>
    <tag k="ele" v="0.2327"/>
  </node>
  <node id="1108" lat="48.74348351255" lon="7.64061641027">
    <tag k="local_x" v="62.8663"/>
    <tag k="local_y" v="-167.9758"/>
    <tag k="ele" v="0.2327"/>
  </node>
  <node id="1109" lat="48.74348353361" lon="7.64062177869">
    <tag k="local_x" v="63.261"/>
    <tag k="local_y" v="-167.9805"/>
    <tag k="ele" v="0.2327"/>
  </node>
  <node id="1110" lat="48.74346644406" lon="7.64055917068">
    <tag k="local_x" v="58.6245"/>
    <tag k="local_y" v="-169.798"/>
    <tag k="ele" v="0.2327"/>
  </node>
  <node id="1111" lat="48.7434632891" lon="7.64056474176">
    <tag k="local_x" v="59.0278"/>
    <tag k="local_y" v="-170.156"/>
    <tag k="ele" v="0.2327"/>
  </node>
  <node id="1112" lat="48.74346009564" lon="7.64057147147">
    <tag k="local_x" v="59.5162"/>
    <tag k="local_y" v="-170.5198"/>
    <tag k="ele" v="0.2327"/>
  </node>
  <node id="1113" lat="48.74345726227" lon="7.64057860363">
    <tag k="local_x" v="60.0349"/>
    <tag k="local_y" v="-170.8441"/>
    <tag k="ele" v="0.2327"/>
  </node>
  <node id="1114" lat="48.74345481368" lon="7.64058609403">
    <tag k="local_x" v="60.5807"/>
    <tag k="local_y" v="-171.1261"/>
    <tag k="ele" v="0.2327"/>
  </node>
  <node id="1115" lat="48.7434527682" lon="7.64059389595">
    <tag k="local_x" v="61.1502"/>
    <tag k="local_y" v="-171.3637"/>
    <tag k="ele" v="0.2327"/>
  </node>
  <node id="1116" lat="48.74345114321" lon="7.64060195722">
    <tag k="local_x" v="61.7396"/>
    <tag k="local_y" v="-171.5549"/>
    <tag k="ele" v="0.2327"/>
  </node>
  <node id="1117" lat="48.7434499534" lon="7.64061022711">
    <tag k="local_x" v="62.3452"/>
    <tag k="local_y" v="-171.698"/>
    <tag k="ele" v="0.2327"/>
  </node>
  <node id="1118" lat="48.74344925316" lon="7.64061759555">
    <tag k="local_x" v="62.8855"/>
    <tag k="local_y" v="-171.7855"/>
    <tag k="ele" v="0.2327"/>
  </node>
  <node id="1122" lat="48.74347629043" lon="7.6405766199">
    <tag k="local_x" v="59.9268"/>
    <tag k="local_y" v="-168.7264"/>
    <tag k="ele" v="0.2327"/>
  </node>
  <node id="1123" lat="48.74347242715" lon="7.64058620656">
    <tag k="local_x" v="60.6239"/>
    <tag k="local_y" v="-169.1684"/>
    <tag k="ele" v="0.2327"/>
  </node>
  <node id="1124" lat="48.74346951694" lon="7.64059650886">
    <tag k="local_x" v="61.3755"/>
    <tag k="local_y" v="-169.5054"/>
    <tag k="ele" v="0.2327"/>
  </node>
  <node id="1125" lat="48.74346769981" lon="7.64060734755">
    <tag k="local_x" v="62.1687"/>
    <tag k="local_y" v="-169.7216"/>
    <tag k="ele" v="0.2327"/>
  </node>
  <node id="1126" lat="48.74346676991" lon="7.64061843163">
    <tag k="local_x" v="62.9817"/>
    <tag k="local_y" v="-169.8395"/>
    <tag k="ele" v="0.2389"/>
  </node>
  <node id="1127" lat="48.74346664768" lon="7.64062965037">
    <tag k="local_x" v="63.8062"/>
    <tag k="local_y" v="-169.8678"/>
    <tag k="ele" v="0.2683"/>
  </node>
  <node id="1128" lat="48.74346692247" lon="7.64064089376">
    <tag k="local_x" v="64.6333"/>
    <tag k="local_y" v="-169.852"/>
    <tag k="ele" v="0.3146"/>
  </node>
  <node id="1129" lat="48.74346719727" lon="7.64065213715">
    <tag k="local_x" v="65.4604"/>
    <tag k="local_y" v="-169.8362"/>
    <tag k="ele" v="0.3608"/>
  </node>
  <node id="1130" lat="48.74346747208" lon="7.6406633819">
    <tag k="local_x" v="66.2876"/>
    <tag k="local_y" v="-169.8204"/>
    <tag k="ele" v="0.407"/>
  </node>
  <node id="1132" lat="48.74366358372" lon="7.64033525366">
    <tag k="local_x" v="42.5543"/>
    <tag k="local_y" v="-147.591"/>
    <tag k="ele" v="-0.2678"/>
  </node>
  <node id="1133" lat="48.74365630463" lon="7.64033638455">
    <tag k="local_x" v="42.623"/>
    <tag k="local_y" v="-148.4016"/>
    <tag k="ele" v="-0.2675"/>
  </node>
  <node id="1134" lat="48.74364911387" lon="7.64033844486">
    <tag k="local_x" v="42.7602"/>
    <tag k="local_y" v="-149.2036"/>
    <tag k="ele" v="-0.2675"/>
  </node>
  <node id="1135" lat="48.74364205865" lon="7.64034139384">
    <tag k="local_x" v="42.963"/>
    <tag k="local_y" v="-149.9917"/>
    <tag k="ele" v="-0.2675"/>
  </node>
  <node id="1136" lat="48.7436351919" lon="7.6403452192">
    <tag k="local_x" v="43.2306"/>
    <tag k="local_y" v="-150.76"/>
    <tag k="ele" v="-0.2675"/>
  </node>
  <node id="1137" lat="48.74362854987" lon="7.6403498669">
    <tag k="local_x" v="43.5591"/>
    <tag k="local_y" v="-151.5044"/>
    <tag k="ele" v="-0.2675"/>
  </node>
  <node id="1138" lat="48.74362218467" lon="7.64035533146">
    <tag k="local_x" v="43.9482"/>
    <tag k="local_y" v="-152.2191"/>
    <tag k="ele" v="-0.2675"/>
  </node>
  <node id="1139" lat="48.74361613895" lon="7.6403615682">
    <tag k="local_x" v="44.3947"/>
    <tag k="local_y" v="-152.8993"/>
    <tag k="ele" v="-0.2675"/>
  </node>
  <node id="1140" lat="48.74361045086" lon="7.6403685312">
    <tag k="local_x" v="44.8953"/>
    <tag k="local_y" v="-153.5407"/>
    <tag k="ele" v="-0.2675"/>
  </node>
  <way id="195">
    <nd ref="193"/>
    <nd ref="194"/>
    <tag k="type" v="line_thin"/>
    <tag k="subtype" v="solid"/>
  </way>
  <way id="198">
    <nd ref="196"/>
    <nd ref="197"/>
    <tag k="type" v="line_thin"/>
    <tag k="subtype" v="solid"/>
  </way>
  <way id="202">
    <nd ref="200"/>
    <nd ref="201"/>
    <tag k="type" v="line_thin"/>
    <tag k="subtype" v="solid"/>
  </way>
  <way id="205">
    <nd ref="203"/>
    <nd ref="204"/>
    <tag k="type" v="line_thin"/>
    <tag k="subtype" v="solid"/>
  </way>
  <way id="209">
    <nd ref="207"/>
    <nd ref="208"/>
    <tag k="type" v="line_thin"/>
    <tag k="subtype" v="solid"/>
  </way>
  <way id="212">
    <nd ref="210"/>
    <nd ref="211"/>
    <tag k="type" v="line_thin"/>
    <tag k="subtype" v="solid"/>
  </way>
  <way id="216">
    <nd ref="214"/>
    <nd ref="215"/>
    <tag k="type" v="line_thin"/>
    <tag k="subtype" v="solid"/>
  </way>
  <way id="219">
    <nd ref="217"/>
    <nd ref="218"/>
    <tag k="type" v="line_thin"/>
    <tag k="subtype" v="solid"/>
  </way>
  <way id="223">
    <nd ref="221"/>
    <nd ref="222"/>
    <tag k="type" v="line_thin"/>
    <tag k="subtype" v="solid"/>
  </way>
  <way id="226">
    <nd ref="224"/>
    <nd ref="225"/>
    <tag k="type" v="line_thin"/>
    <tag k="subtype" v="solid"/>
  </way>
  <way id="230">
    <nd ref="228"/>
    <nd ref="229"/>
    <tag k="type" v="line_thin"/>
    <tag k="subtype" v="solid"/>
  </way>
  <way id="233">
    <nd ref="231"/>
    <nd ref="232"/>
    <tag k="type" v="line_thin"/>
    <tag k="subtype" v="solid"/>
  </way>
  <way id="237">
    <nd ref="235"/>
    <nd ref="236"/>
    <tag k="type" v="line_thin"/>
    <tag k="subtype" v="solid"/>
  </way>
  <way id="240">
    <nd ref="238"/>
    <nd ref="239"/>
    <tag k="type" v="line_thin"/>
    <tag k="subtype" v="solid"/>
  </way>
  <way id="244">
    <nd ref="242"/>
    <nd ref="243"/>
    <tag k="type" v="line_thin"/>
    <tag k="subtype" v="solid"/>
  </way>
  <way id="247">
    <nd ref="245"/>
    <nd ref="246"/>
    <tag k="type" v="line_thin"/>
    <tag k="subtype" v="solid"/>
  </way>
  <way id="270">
    <nd ref="268"/>
    <nd ref="269"/>
    <tag k="type" v="line_thin"/>
    <tag k="subtype" v="solid"/>
  </way>
  <way id="273">
    <nd ref="271"/>
    <nd ref="272"/>
    <tag k="type" v="line_thin"/>
    <tag k="subtype" v="solid"/>
  </way>
  <way id="277">
    <nd ref="275"/>
    <nd ref="276"/>
    <tag k="type" v="line_thin"/>
    <tag k="subtype" v="solid"/>
  </way>
  <way id="280">
    <nd ref="278"/>
    <nd ref="279"/>
    <tag k="type" v="line_thin"/>
    <tag k="subtype" v="solid"/>
  </way>
  <way id="284">
    <nd ref="282"/>
    <nd ref="283"/>
    <tag k="type" v="line_thin"/>
    <tag k="subtype" v="solid"/>
  </way>
  <way id="287">
    <nd ref="285"/>
    <nd ref="286"/>
    <tag k="type" v="line_thin"/>
    <tag k="subtype" v="solid"/>
  </way>
  <way id="291">
    <nd ref="289"/>
    <nd ref="290"/>
    <tag k="type" v="line_thin"/>
    <tag k="subtype" v="solid"/>
  </way>
  <way id="294">
    <nd ref="292"/>
    <nd ref="293"/>
    <tag k="type" v="line_thin"/>
    <tag k="subtype" v="solid"/>
  </way>
  <way id="298">
    <nd ref="296"/>
    <nd ref="297"/>
    <tag k="type" v="line_thin"/>
    <tag k="subtype" v="solid"/>
  </way>
  <way id="301">
    <nd ref="299"/>
    <nd ref="300"/>
    <tag k="type" v="line_thin"/>
    <tag k="subtype" v="solid"/>
  </way>
  <way id="329">
    <nd ref="204"/>
    <nd ref="303"/>
    <nd ref="304"/>
    <nd ref="305"/>
    <nd ref="306"/>
    <nd ref="307"/>
    <nd ref="308"/>
    <nd ref="309"/>
    <nd ref="310"/>
    <nd ref="311"/>
    <nd ref="312"/>
    <nd ref="313"/>
    <nd ref="314"/>
    <nd ref="315"/>
    <nd ref="210"/>
    <tag k="type" v="line_thin"/>
    <tag k="subtype" v="solid"/>
  </way>
  <way id="330">
    <nd ref="201"/>
    <nd ref="316"/>
    <nd ref="317"/>
    <nd ref="318"/>
    <nd ref="319"/>
    <nd ref="320"/>
    <nd ref="321"/>
    <nd ref="322"/>
    <nd ref="323"/>
    <nd ref="324"/>
    <nd ref="325"/>
    <nd ref="326"/>
    <nd ref="327"/>
    <nd ref="328"/>
    <nd ref="207"/>
    <tag k="type" v="line_thin"/>
    <tag k="subtype" v="solid"/>
  </way>
  <way id="332">
    <nd ref="211"/>
    <nd ref="196"/>
    <tag k="type" v="line_thin"/>
    <tag k="subtype" v="solid"/>
  </way>
  <way id="333">
    <nd ref="208"/>
    <nd ref="193"/>
    <tag k="type" v="line_thin"/>
    <tag k="subtype" v="solid"/>
  </way>
  <way id="349">
    <nd ref="197"/>
    <nd ref="335"/>
    <nd ref="336"/>
    <nd ref="337"/>
    <nd ref="338"/>
    <nd ref="339"/>
    <nd ref="340"/>
    <nd ref="341"/>
    <nd ref="217"/>
    <tag k="type" v="line_thin"/>
    <tag k="subtype" v="solid"/>
  </way>
  <way id="350">
    <nd ref="194"/>
    <nd ref="342"/>
    <nd ref="343"/>
    <nd ref="344"/>
    <nd ref="345"/>
    <nd ref="346"/>
    <nd ref="347"/>
    <nd ref="348"/>
    <nd ref="214"/>
    <tag k="type" v="line_thin"/>
    <tag k="subtype" v="solid"/>
  </way>
  <way id="361">
    <nd ref="218"/>
    <nd ref="355"/>
    <nd ref="356"/>
    <nd ref="357"/>
    <nd ref="224"/>
    <tag k="type" v="line_thin"/>
    <tag k="subtype" v="solid"/>
  </way>
  <way id="362">
    <nd ref="215"/>
    <nd ref="358"/>
    <nd ref="359"/>
    <nd ref="360"/>
    <nd ref="221"/>
    <tag k="type" v="line_thin"/>
    <tag k="subtype" v="solid"/>
  </way>
  <way id="364">
    <nd ref="225"/>
    <nd ref="231"/>
    <tag k="type" v="line_thin"/>
    <tag k="subtype" v="solid"/>
  </way>
  <way id="365">
    <nd ref="222"/>
    <nd ref="228"/>
    <tag k="type" v="line_thin"/>
    <tag k="subtype" v="solid"/>
  </way>
  <way id="427">
    <nd ref="423"/>
    <nd ref="424"/>
    <tag k="type" v="line_thin"/>
    <tag k="subtype" v="solid"/>
  </way>
  <way id="428">
    <nd ref="425"/>
    <nd ref="426"/>
    <tag k="type" v="line_thin"/>
    <tag k="subtype" v="solid"/>
  </way>
  <way id="430">
    <nd ref="246"/>
    <nd ref="423"/>
    <tag k="type" v="line_thin"/>
    <tag k="subtype" v="solid"/>
  </way>
  <way id="431">
    <nd ref="243"/>
    <nd ref="425"/>
    <tag k="type" v="line_thin"/>
    <tag k="subtype" v="solid"/>
  </way>
  <way id="437">
    <nd ref="433"/>
    <nd ref="434"/>
    <tag k="type" v="line_thin"/>
    <tag k="subtype" v="solid"/>
  </way>
  <way id="438">
    <nd ref="435"/>
    <nd ref="436"/>
    <tag k="type" v="line_thin"/>
    <tag k="subtype" v="solid"/>
  </way>
  <way id="440">
    <nd ref="424"/>
    <nd ref="433"/>
    <tag k="type" v="line_thin"/>
    <tag k="subtype" v="solid"/>
  </way>
  <way id="441">
    <nd ref="426"/>
    <nd ref="435"/>
    <tag k="type" v="line_thin"/>
    <tag k="subtype" v="solid"/>
  </way>
  <way id="447">
    <nd ref="443"/>
    <nd ref="444"/>
    <tag k="type" v="line_thin"/>
    <tag k="subtype" v="solid"/>
  </way>
  <way id="448">
    <nd ref="445"/>
    <nd ref="446"/>
    <tag k="type" v="line_thin"/>
    <tag k="subtype" v="solid"/>
  </way>
  <way id="450">
    <nd ref="434"/>
    <nd ref="443"/>
    <tag k="type" v="line_thin"/>
    <tag k="subtype" v="solid"/>
  </way>
  <way id="451">
    <nd ref="436"/>
    <nd ref="445"/>
    <tag k="type" v="line_thin"/>
    <tag k="subtype" v="solid"/>
  </way>
  <way id="493">
    <nd ref="444"/>
    <nd ref="453"/>
    <nd ref="454"/>
    <nd ref="455"/>
    <nd ref="456"/>
    <nd ref="457"/>
    <nd ref="458"/>
    <nd ref="459"/>
    <nd ref="460"/>
    <nd ref="461"/>
    <nd ref="462"/>
    <nd ref="463"/>
    <nd ref="464"/>
    <nd ref="465"/>
    <nd ref="466"/>
    <nd ref="467"/>
    <nd ref="468"/>
    <nd ref="469"/>
    <nd ref="470"/>
    <nd ref="471"/>
    <nd ref="472"/>
    <nd ref="271"/>
    <tag k="type" v="line_thin"/>
    <tag k="subtype" v="solid"/>
  </way>
  <way id="494">
    <nd ref="446"/>
    <nd ref="473"/>
    <nd ref="474"/>
    <nd ref="475"/>
    <nd ref="476"/>
    <nd ref="477"/>
    <nd ref="478"/>
    <nd ref="479"/>
    <nd ref="480"/>
    <nd ref="481"/>
    <nd ref="482"/>
    <nd ref="483"/>
    <nd ref="484"/>
    <nd ref="485"/>
    <nd ref="486"/>
    <nd ref="487"/>
    <nd ref="488"/>
    <nd ref="489"/>
    <nd ref="490"/>
    <nd ref="491"/>
    <nd ref="492"/>
    <nd ref="268"/>
    <tag k="type" v="line_thin"/>
    <tag k="subtype" v="solid"/>
  </way>
  <way id="516">
    <nd ref="272"/>
    <nd ref="496"/>
    <nd ref="497"/>
    <nd ref="498"/>
    <nd ref="499"/>
    <nd ref="500"/>
    <nd ref="501"/>
    <nd ref="502"/>
    <nd ref="503"/>
    <nd ref="504"/>
    <nd ref="505"/>
    <nd ref="278"/>
    <tag k="type" v="line_thin"/>
    <tag k="subtype" v="solid"/>
  </way>
  <way id="517">
    <nd ref="269"/>
    <nd ref="506"/>
    <nd ref="507"/>
    <nd ref="508"/>
    <nd ref="509"/>
    <nd ref="510"/>
    <nd ref="511"/>
    <nd ref="512"/>
    <nd ref="513"/>
    <nd ref="514"/>
    <nd ref="515"/>
    <nd ref="275"/>
    <tag k="type" v="line_thin"/>
    <tag k="subtype" v="solid"/>
  </way>
  <way id="535">
    <nd ref="279"/>
    <nd ref="519"/>
    <nd ref="520"/>
    <nd ref="521"/>
    <nd ref="522"/>
    <nd ref="523"/>
    <nd ref="524"/>
    <nd ref="525"/>
    <nd ref="526"/>
    <nd ref="285"/>
    <tag k="type" v="line_thin"/>
    <tag k="subtype" v="solid"/>
  </way>
  <way id="536">
    <nd ref="276"/>
    <nd ref="527"/>
    <nd ref="528"/>
    <nd ref="529"/>
    <nd ref="530"/>
    <nd ref="531"/>
    <nd ref="532"/>
    <nd ref="533"/>
    <nd ref="534"/>
    <nd ref="282"/>
    <tag k="type" v="line_thin"/>
    <tag k="subtype" v="solid"/>
  </way>
  <way id="546">
    <nd ref="286"/>
    <nd ref="538"/>
    <nd ref="539"/>
    <nd ref="540"/>
    <nd ref="541"/>
    <nd ref="292"/>
    <tag k="type" v="line_thin"/>
    <tag k="subtype" v="solid"/>
  </way>
  <way id="547">
    <nd ref="283"/>
    <nd ref="542"/>
    <nd ref="543"/>
    <nd ref="544"/>
    <nd ref="545"/>
    <nd ref="289"/>
    <tag k="type" v="line_thin"/>
    <tag k="subtype" v="solid"/>
  </way>
  <way id="552">
    <nd ref="293"/>
    <nd ref="299"/>
    <tag k="type" v="line_thin"/>
    <tag k="subtype" v="solid"/>
  </way>
  <way id="553">
    <nd ref="290"/>
    <nd ref="296"/>
    <tag k="type" v="line_thin"/>
    <tag k="subtype" v="solid"/>
  </way>
  <way id="579">
    <nd ref="561"/>
    <nd ref="562"/>
    <nd ref="563"/>
    <nd ref="564"/>
    <nd ref="565"/>
    <nd ref="566"/>
    <nd ref="567"/>
    <nd ref="568"/>
    <nd ref="569"/>
    <nd ref="570"/>
    <nd ref="571"/>
    <nd ref="572"/>
    <nd ref="573"/>
    <nd ref="574"/>
    <nd ref="575"/>
    <nd ref="576"/>
    <nd ref="577"/>
    <nd ref="578"/>
    <tag k="type" v="line_thin"/>
    <tag k="subtype" v="solid"/>
  </way>
  <way id="591">
    <nd ref="578"/>
    <nd ref="580"/>
    <nd ref="581"/>
    <nd ref="582"/>
    <nd ref="583"/>
    <nd ref="584"/>
    <nd ref="585"/>
    <nd ref="586"/>
    <nd ref="587"/>
    <nd ref="588"/>
    <nd ref="589"/>
    <nd ref="590"/>
    <tag k="type" v="line_thin"/>
    <tag k="subtype" v="solid"/>
  </way>
  <way id="601">
    <nd ref="590"/>
    <nd ref="592"/>
    <nd ref="593"/>
    <nd ref="594"/>
    <nd ref="595"/>
    <nd ref="596"/>
    <nd ref="597"/>
    <nd ref="598"/>
    <nd ref="599"/>
    <nd ref="600"/>
    <tag k="type" v="line_thin"/>
    <tag k="subtype" v="solid"/>
  </way>
  <way id="648">
    <nd ref="602"/>
    <nd ref="603"/>
    <nd ref="604"/>
    <nd ref="605"/>
    <nd ref="606"/>
    <nd ref="607"/>
    <nd ref="608"/>
    <nd ref="609"/>
    <nd ref="610"/>
    <nd ref="611"/>
    <nd ref="612"/>
    <nd ref="613"/>
    <nd ref="614"/>
    <nd ref="615"/>
    <nd ref="616"/>
    <nd ref="617"/>
    <nd ref="618"/>
    <nd ref="619"/>
    <nd ref="620"/>
    <nd ref="621"/>
    <nd ref="622"/>
    <nd ref="623"/>
    <nd ref="624"/>
    <nd ref="625"/>
    <nd ref="626"/>
    <nd ref="627"/>
    <nd ref="628"/>
    <nd ref="629"/>
    <nd ref="630"/>
    <nd ref="631"/>
    <nd ref="632"/>
    <nd ref="633"/>
    <nd ref="634"/>
    <nd ref="635"/>
    <nd ref="636"/>
    <nd ref="637"/>
    <nd ref="638"/>
    <nd ref="639"/>
    <nd ref="640"/>
    <nd ref="641"/>
    <nd ref="642"/>
    <nd ref="643"/>
    <nd ref="644"/>
    <nd ref="645"/>
    <nd ref="646"/>
    <nd ref="647"/>
    <tag k="type" v="line_thin"/>
    <tag k="subtype" v="solid"/>
  </way>
  <way id="650">
    <nd ref="600"/>
    <nd ref="649"/>
    <nd ref="602"/>
    <tag k="type" v="line_thin"/>
    <tag k="subtype" v="solid"/>
  </way>
  <way id="656">
    <nd ref="647"/>
    <nd ref="651"/>
    <nd ref="652"/>
    <nd ref="653"/>
    <nd ref="654"/>
    <nd ref="655"/>
    <tag k="type" v="line_thin"/>
    <tag k="subtype" v="solid"/>
  </way>
  <way id="673">
    <nd ref="655"/>
    <nd ref="657"/>
    <nd ref="658"/>
    <nd ref="659"/>
    <nd ref="660"/>
    <nd ref="661"/>
    <nd ref="662"/>
    <nd ref="663"/>
    <nd ref="664"/>
    <nd ref="665"/>
    <nd ref="666"/>
    <nd ref="667"/>
    <nd ref="668"/>
    <nd ref="669"/>
    <nd ref="670"/>
    <nd ref="671"/>
    <nd ref="672"/>
    <tag k="type" v="line_thin"/>
    <tag k="subtype" v="solid"/>
  </way>
  <way id="680">
    <nd ref="672"/>
    <nd ref="674"/>
    <nd ref="675"/>
    <nd ref="676"/>
    <nd ref="677"/>
    <nd ref="678"/>
    <nd ref="679"/>
    <tag k="type" v="line_thin"/>
    <tag k="subtype" v="solid"/>
  </way>
  <way id="716">
    <nd ref="679"/>
    <nd ref="681"/>
    <nd ref="682"/>
    <nd ref="683"/>
    <nd ref="684"/>
    <nd ref="685"/>
    <nd ref="686"/>
    <nd ref="687"/>
    <nd ref="688"/>
    <nd ref="689"/>
    <nd ref="690"/>
    <nd ref="691"/>
    <nd ref="692"/>
    <nd ref="693"/>
    <nd ref="694"/>
    <nd ref="695"/>
    <nd ref="696"/>
    <nd ref="697"/>
    <nd ref="698"/>
    <nd ref="699"/>
    <nd ref="700"/>
    <nd ref="701"/>
    <nd ref="702"/>
    <nd ref="703"/>
    <nd ref="704"/>
    <nd ref="705"/>
    <nd ref="706"/>
    <nd ref="707"/>
    <nd ref="708"/>
    <nd ref="709"/>
    <nd ref="710"/>
    <nd ref="711"/>
    <nd ref="712"/>
    <nd ref="713"/>
    <nd ref="714"/>
    <nd ref="715"/>
    <tag k="type" v="line_thin"/>
    <tag k="subtype" v="solid"/>
  </way>
  <way id="720">
    <nd ref="715"/>
    <nd ref="717"/>
    <nd ref="718"/>
    <nd ref="719"/>
    <tag k="type" v="line_thin"/>
    <tag k="subtype" v="solid"/>
  </way>
  <way id="752">
    <nd ref="719"/>
    <nd ref="721"/>
    <nd ref="722"/>
    <nd ref="723"/>
    <nd ref="724"/>
    <nd ref="725"/>
    <nd ref="726"/>
    <nd ref="727"/>
    <nd ref="728"/>
    <nd ref="729"/>
    <nd ref="730"/>
    <nd ref="731"/>
    <nd ref="732"/>
    <nd ref="733"/>
    <nd ref="734"/>
    <nd ref="735"/>
    <nd ref="736"/>
    <nd ref="737"/>
    <nd ref="738"/>
    <nd ref="739"/>
    <nd ref="740"/>
    <nd ref="741"/>
    <nd ref="742"/>
    <nd ref="743"/>
    <nd ref="744"/>
    <nd ref="745"/>
    <nd ref="746"/>
    <nd ref="747"/>
    <nd ref="748"/>
    <nd ref="749"/>
    <nd ref="750"/>
    <nd ref="751"/>
    <tag k="type" v="line_thin"/>
    <tag k="subtype" v="solid"/>
  </way>
  <way id="784">
    <nd ref="762"/>
    <nd ref="764"/>
    <nd ref="765"/>
    <nd ref="766"/>
    <nd ref="767"/>
    <nd ref="768"/>
    <nd ref="769"/>
    <nd ref="770"/>
    <nd ref="771"/>
    <nd ref="772"/>
    <nd ref="773"/>
    <nd ref="774"/>
    <nd ref="775"/>
    <nd ref="776"/>
    <nd ref="777"/>
    <nd ref="778"/>
    <nd ref="779"/>
    <nd ref="780"/>
    <nd ref="781"/>
    <nd ref="782"/>
    <nd ref="783"/>
    <tag k="type" v="line_thin"/>
    <tag k="subtype" v="solid"/>
  </way>
  <way id="813">
    <nd ref="794"/>
    <nd ref="796"/>
    <nd ref="797"/>
    <nd ref="798"/>
    <nd ref="799"/>
    <nd ref="800"/>
    <nd ref="801"/>
    <nd ref="802"/>
    <nd ref="803"/>
    <nd ref="804"/>
    <nd ref="805"/>
    <nd ref="806"/>
    <nd ref="807"/>
    <nd ref="808"/>
    <nd ref="809"/>
    <nd ref="810"/>
    <nd ref="811"/>
    <nd ref="812"/>
    <tag k="type" v="line_thin"/>
    <tag k="subtype" v="solid"/>
  </way>
  <way id="815">
    <nd ref="812"/>
    <nd ref="814"/>
    <tag k="type" v="line_thin"/>
    <tag k="subtype" v="solid"/>
  </way>
  <way id="833">
    <nd ref="814"/>
    <nd ref="816"/>
    <nd ref="817"/>
    <nd ref="818"/>
    <nd ref="819"/>
    <nd ref="820"/>
    <nd ref="821"/>
    <nd ref="822"/>
    <nd ref="823"/>
    <nd ref="824"/>
    <nd ref="825"/>
    <nd ref="826"/>
    <nd ref="827"/>
    <nd ref="828"/>
    <nd ref="829"/>
    <nd ref="830"/>
    <nd ref="831"/>
    <nd ref="832"/>
    <tag k="type" v="line_thin"/>
    <tag k="subtype" v="solid"/>
  </way>
  <way id="838">
    <nd ref="832"/>
    <nd ref="834"/>
    <nd ref="835"/>
    <nd ref="836"/>
    <nd ref="837"/>
    <tag k="type" v="line_thin"/>
    <tag k="subtype" v="solid"/>
  </way>
  <way id="856">
    <nd ref="837"/>
    <nd ref="839"/>
    <nd ref="840"/>
    <nd ref="841"/>
    <nd ref="842"/>
    <nd ref="843"/>
    <nd ref="844"/>
    <nd ref="845"/>
    <nd ref="846"/>
    <nd ref="847"/>
    <nd ref="848"/>
    <nd ref="849"/>
    <nd ref="850"/>
    <nd ref="851"/>
    <nd ref="852"/>
    <nd ref="853"/>
    <nd ref="854"/>
    <nd ref="855"/>
    <tag k="type" v="line_thin"/>
    <tag k="subtype" v="solid"/>
  </way>
  <way id="880">
    <nd ref="857"/>
    <nd ref="858"/>
    <nd ref="859"/>
    <nd ref="860"/>
    <nd ref="861"/>
    <nd ref="862"/>
    <nd ref="863"/>
    <nd ref="864"/>
    <nd ref="865"/>
    <nd ref="866"/>
    <nd ref="867"/>
    <nd ref="868"/>
    <nd ref="869"/>
    <nd ref="870"/>
    <nd ref="871"/>
    <nd ref="872"/>
    <nd ref="873"/>
    <nd ref="874"/>
    <nd ref="875"/>
    <nd ref="876"/>
    <nd ref="877"/>
    <nd ref="878"/>
    <nd ref="879"/>
    <tag k="type" v="line_thin"/>
    <tag k="subtype" v="solid"/>
  </way>
  <way id="882">
    <nd ref="855"/>
    <nd ref="881"/>
    <nd ref="857"/>
    <tag k="type" v="line_thin"/>
    <tag k="subtype" v="solid"/>
  </way>
  <way id="900">
    <nd ref="879"/>
    <nd ref="883"/>
    <nd ref="884"/>
    <nd ref="885"/>
    <nd ref="886"/>
    <nd ref="887"/>
    <nd ref="888"/>
    <nd ref="889"/>
    <nd ref="890"/>
    <nd ref="891"/>
    <nd ref="892"/>
    <nd ref="893"/>
    <nd ref="894"/>
    <nd ref="895"/>
    <nd ref="896"/>
    <nd ref="897"/>
    <nd ref="898"/>
    <nd ref="899"/>
    <tag k="type" v="line_thin"/>
    <tag k="subtype" v="solid"/>
  </way>
  <way id="927">
    <nd ref="899"/>
    <nd ref="901"/>
    <nd ref="902"/>
    <nd ref="903"/>
    <nd ref="904"/>
    <nd ref="905"/>
    <nd ref="906"/>
    <nd ref="907"/>
    <nd ref="908"/>
    <nd ref="909"/>
    <nd ref="910"/>
    <nd ref="911"/>
    <nd ref="912"/>
    <nd ref="913"/>
    <nd ref="914"/>
    <nd ref="915"/>
    <nd ref="916"/>
    <nd ref="917"/>
    <nd ref="918"/>
    <nd ref="919"/>
    <nd ref="920"/>
    <nd ref="921"/>
    <nd ref="922"/>
    <nd ref="923"/>
    <nd ref="924"/>
    <nd ref="925"/>
    <nd ref="926"/>
    <tag k="type" v="line_thin"/>
    <tag k="subtype" v="solid"/>
  </way>
  <way id="937">
    <nd ref="926"/>
    <nd ref="928"/>
    <nd ref="929"/>
    <nd ref="930"/>
    <nd ref="931"/>
    <nd ref="932"/>
    <nd ref="933"/>
    <nd ref="934"/>
    <nd ref="935"/>
    <nd ref="936"/>
    <tag k="type" v="line_thin"/>
    <tag k="subtype" v="solid"/>
  </way>
  <way id="942">
    <nd ref="936"/>
    <nd ref="938"/>
    <nd ref="939"/>
    <nd ref="940"/>
    <nd ref="941"/>
    <tag k="type" v="line_thin"/>
    <tag k="subtype" v="solid"/>
  </way>
  <way id="949">
    <nd ref="941"/>
    <nd ref="943"/>
    <nd ref="944"/>
    <nd ref="945"/>
    <nd ref="946"/>
    <nd ref="947"/>
    <nd ref="948"/>
    <tag k="type" v="line_thin"/>
    <tag k="subtype" v="solid"/>
  </way>
  <way id="960">
    <nd ref="948"/>
    <nd ref="950"/>
    <nd ref="951"/>
    <nd ref="952"/>
    <nd ref="953"/>
    <nd ref="954"/>
    <nd ref="955"/>
    <nd ref="956"/>
    <nd ref="957"/>
    <nd ref="958"/>
    <nd ref="959"/>
    <tag k="type" v="line_thin"/>
    <tag k="subtype" v="solid"/>
  </way>
  <way id="964">
    <nd ref="959"/>
    <nd ref="961"/>
    <nd ref="962"/>
    <nd ref="963"/>
    <tag k="type" v="line_thin"/>
    <tag k="subtype" v="solid"/>
  </way>
  <way id="983">
    <nd ref="963"/>
    <nd ref="965"/>
    <nd ref="966"/>
    <nd ref="967"/>
    <nd ref="968"/>
    <nd ref="969"/>
    <nd ref="970"/>
    <nd ref="971"/>
    <nd ref="972"/>
    <nd ref="973"/>
    <nd ref="974"/>
    <nd ref="975"/>
    <nd ref="976"/>
    <nd ref="977"/>
    <nd ref="978"/>
    <nd ref="979"/>
    <nd ref="980"/>
    <nd ref="981"/>
    <nd ref="982"/>
    <tag k="type" v="line_thin"/>
    <tag k="subtype" v="solid"/>
  </way>
  <way id="987">
    <nd ref="982"/>
    <nd ref="984"/>
    <nd ref="985"/>
    <nd ref="986"/>
    <tag k="type" v="line_thin"/>
    <tag k="subtype" v="solid"/>
  </way>
  <way id="1007">
    <nd ref="986"/>
    <nd ref="988"/>
    <nd ref="989"/>
    <nd ref="990"/>
    <nd ref="991"/>
    <nd ref="992"/>
    <nd ref="993"/>
    <nd ref="994"/>
    <nd ref="995"/>
    <nd ref="996"/>
    <nd ref="997"/>
    <nd ref="998"/>
    <nd ref="999"/>
    <nd ref="1000"/>
    <nd ref="1001"/>
    <nd ref="1002"/>
    <nd ref="1003"/>
    <nd ref="1004"/>
    <nd ref="1005"/>
    <nd ref="1006"/>
    <tag k="type" v="line_thin"/>
    <tag k="subtype" v="solid"/>
  </way>
  <way id="1098">
    <nd ref="232"/>
    <nd ref="1068"/>
    <nd ref="1069"/>
    <nd ref="1070"/>
    <nd ref="1071"/>
    <nd ref="1072"/>
    <nd ref="1073"/>
    <nd ref="1074"/>
    <nd ref="1075"/>
    <nd ref="1076"/>
    <nd ref="1077"/>
    <nd ref="1078"/>
    <nd ref="1079"/>
    <nd ref="1080"/>
    <nd ref="1081"/>
    <nd ref="1082"/>
    <nd ref="238"/>
    <tag k="type" v="line_thin"/>
    <tag k="subtype" v="solid"/>
  </way>
  <way id="1099">
    <nd ref="229"/>
    <nd ref="1083"/>
    <nd ref="1084"/>
    <nd ref="1085"/>
    <nd ref="1086"/>
    <nd ref="1087"/>
    <nd ref="1088"/>
    <nd ref="1089"/>
    <nd ref="1090"/>
    <nd ref="1091"/>
    <nd ref="1092"/>
    <nd ref="1093"/>
    <nd ref="1094"/>
    <nd ref="1095"/>
    <nd ref="1096"/>
    <nd ref="1097"/>
    <nd ref="235"/>
    <tag k="type" v="line_thin"/>
    <tag k="subtype" v="solid"/>
  </way>
  <way id="1119">
    <nd ref="239"/>
    <nd ref="1101"/>
    <nd ref="1102"/>
    <nd ref="1103"/>
    <nd ref="1104"/>
    <nd ref="1105"/>
    <nd ref="1106"/>
    <nd ref="1107"/>
    <nd ref="1108"/>
    <nd ref="1109"/>
    <nd ref="245"/>
    <tag k="type" v="line_thin"/>
    <tag k="subtype" v="solid"/>
  </way>
  <way id="1120">
    <nd ref="236"/>
    <nd ref="1110"/>
    <nd ref="1111"/>
    <nd ref="1112"/>
    <nd ref="1113"/>
    <nd ref="1114"/>
    <nd ref="1115"/>
    <nd ref="1116"/>
    <nd ref="1117"/>
    <nd ref="1118"/>
    <nd ref="242"/>
    <tag k="type" v="line_thin"/>
    <tag k="subtype" v="solid"/>
  </way>
  <way id="1131">
    <nd ref="783"/>
    <nd ref="1122"/>
    <nd ref="1123"/>
    <nd ref="1124"/>
    <nd ref="1125"/>
    <nd ref="1126"/>
    <nd ref="1127"/>
    <nd ref="1128"/>
    <nd ref="1129"/>
    <nd ref="1130"/>
    <nd ref="794"/>
    <tag k="type" v="line_thin"/>
    <tag k="subtype" v="solid"/>
  </way>
  <way id="1141">
    <nd ref="751"/>
    <nd ref="1132"/>
    <nd ref="1133"/>
    <nd ref="1134"/>
    <nd ref="1135"/>
    <nd ref="1136"/>
    <nd ref="1137"/>
    <nd ref="1138"/>
    <nd ref="1139"/>
    <nd ref="1140"/>
    <nd ref="762"/>
    <tag k="type" v="line_thin"/>
    <tag k="subtype" v="solid"/>
  </way>
  <relation id="199">
    <member type="way" role="left" ref="198"/>
    <member type="way" role="right" ref="195"/>
    <member type="way" role="centerline" ref="648"/>
    <tag k="type" v="lanelet"/>
    <tag k="subtype" v="road"/>
    <tag k="speed_limit" v="10"/>
    <tag k="location" v="urban"/>
    <tag k="one_way" v="yes"/>
  </relation>
  <relation id="206">
    <member type="way" role="left" ref="205"/>
    <member type="way" role="right" ref="202"/>
    <member type="way" role="centerline" ref="579"/>
    <tag k="type" v="lanelet"/>
    <tag k="subtype" v="road"/>
    <tag k="speed_limit" v="10"/>
    <tag k="location" v="urban"/>
    <tag k="one_way" v="yes"/>
  </relation>
  <relation id="213">
    <member type="way" role="left" ref="212"/>
    <member type="way" role="right" ref="209"/>
    <member type="way" role="centerline" ref="601"/>
    <tag k="type" v="lanelet"/>
    <tag k="subtype" v="road"/>
    <tag k="speed_limit" v="10"/>
    <tag k="location" v="urban"/>
    <tag k="one_way" v="yes"/>
  </relation>
  <relation id="220">
    <member type="way" role="left" ref="219"/>
    <member type="way" role="right" ref="216"/>
    <member type="way" role="centerline" ref="673"/>
    <tag k="type" v="lanelet"/>
    <tag k="subtype" v="road"/>
    <tag k="speed_limit" v="10"/>
    <tag k="location" v="urban"/>
    <tag k="one_way" v="yes"/>
  </relation>
  <relation id="227">
    <member type="way" role="left" ref="226"/>
    <member type="way" role="right" ref="223"/>
    <member type="way" role="centerline" ref="716"/>
    <tag k="type" v="lanelet"/>
    <tag k="subtype" v="road"/>
    <tag k="speed_limit" v="10"/>
    <tag k="location" v="urban"/>
    <tag k="one_way" v="yes"/>
  </relation>
  <relation id="234">
    <member type="way" role="left" ref="233"/>
    <member type="way" role="right" ref="230"/>
    <member type="way" role="centerline" ref="752"/>
    <tag k="type" v="lanelet"/>
    <tag k="subtype" v="road"/>
    <tag k="speed_limit" v="10"/>
    <tag k="location" v="urban"/>
    <tag k="one_way" v="yes"/>
  </relation>
  <relation id="241">
    <member type="way" role="left" ref="240"/>
    <member type="way" role="right" ref="237"/>
    <member type="way" role="centerline" ref="784"/>
    <tag k="type" v="lanelet"/>
    <tag k="subtype" v="road"/>
    <tag k="speed_limit" v="10"/>
    <tag k="location" v="urban"/>
    <tag k="one_way" v="yes"/>
  </relation>
  <relation id="248">
    <member type="way" role="left" ref="247"/>
    <member type="way" role="right" ref="244"/>
    <member type="way" role="centerline" ref="813"/>
    <tag k="type" v="lanelet"/>
    <tag k="subtype" v="road"/>
    <tag k="speed_limit" v="10"/>
    <tag k="location" v="urban"/>
    <tag k="one_way" v="yes"/>
  </relation>
  <relation id="274">
    <member type="way" role="left" ref="273"/>
    <member type="way" role="right" ref="270"/>
    <member type="way" role="centerline" ref="927"/>
    <tag k="type" v="lanelet"/>
    <tag k="subtype" v="road"/>
    <tag k="speed_limit" v="10"/>
    <tag k="location" v="urban"/>
    <tag k="one_way" v="yes"/>
  </relation>
  <relation id="281">
    <member type="way" role="left" ref="280"/>
    <member type="way" role="right" ref="277"/>
    <member type="way" role="centerline" ref="942"/>
    <tag k="type" v="lanelet"/>
    <tag k="subtype" v="road"/>
    <tag k="speed_limit" v="10"/>
    <tag k="location" v="urban"/>
    <tag k="one_way" v="yes"/>
  </relation>
  <relation id="288">
    <member type="way" role="left" ref="287"/>
    <member type="way" role="right" ref="284"/>
    <member type="way" role="centerline" ref="960"/>
    <tag k="type" v="lanelet"/>
    <tag k="subtype" v="road"/>
    <tag k="speed_limit" v="10"/>
    <tag k="location" v="urban"/>
    <tag k="one_way" v="yes"/>
  </relation>
  <relation id="295">
    <member type="way" role="left" ref="294"/>
    <member type="way" role="right" ref="291"/>
    <member type="way" role="centerline" ref="983"/>
    <tag k="type" v="lanelet"/>
    <tag k="subtype" v="road"/>
    <tag k="speed_limit" v="10"/>
    <tag k="location" v="urban"/>
    <tag k="one_way" v="yes"/>
  </relation>
  <relation id="302">
    <member type="way" role="left" ref="301"/>
    <member type="way" role="right" ref="298"/>
    <member type="way" role="centerline" ref="1007"/>
    <tag k="type" v="lanelet"/>
    <tag k="subtype" v="road"/>
    <tag k="speed_limit" v="10"/>
    <tag k="location" v="urban"/>
    <tag k="one_way" v="yes"/>
  </relation>
  <relation id="331">
    <member type="way" role="left" ref="329"/>
    <member type="way" role="right" ref="330"/>
    <member type="way" role="centerline" ref="591"/>
    <tag k="type" v="lanelet"/>
    <tag k="subtype" v="road"/>
    <tag k="speed_limit" v="10"/>
    <tag k="location" v="urban"/>
    <tag k="one_way" v="yes"/>
    <tag k="turn_direction" v="right"/>
  </relation>
  <relation id="334">
    <member type="way" role="left" ref="332"/>
    <member type="way" role="right" ref="333"/>
    <member type="way" role="centerline" ref="650"/>
    <tag k="type" v="lanelet"/>
    <tag k="subtype" v="road"/>
    <tag k="speed_limit" v="10"/>
    <tag k="location" v="urban"/>
    <tag k="one_way" v="yes"/>
    <tag k="turn_direction" v="straight"/>
  </relation>
  <relation id="351">
    <member type="way" role="left" ref="349"/>
    <member type="way" role="right" ref="350"/>
    <member type="way" role="centerline" ref="656"/>
    <tag k="type" v="lanelet"/>
    <tag k="subtype" v="road"/>
    <tag k="speed_limit" v="10"/>
    <tag k="location" v="urban"/>
    <tag k="one_way" v="yes"/>
    <tag k="turn_direction" v="left"/>
  </relation>
  <relation id="363">
    <member type="way" role="left" ref="361"/>
    <member type="way" role="right" ref="362"/>
    <member type="way" role="centerline" ref="680"/>
    <tag k="type" v="lanelet"/>
    <tag k="subtype" v="road"/>
    <tag k="speed_limit" v="10"/>
    <tag k="location" v="urban"/>
    <tag k="one_way" v="yes"/>
    <tag k="turn_direction" v="right"/>
  </relation>
  <relation id="366">
    <member type="way" role="left" ref="364"/>
    <member type="way" role="right" ref="365"/>
    <member type="way" role="centerline" ref="720"/>
    <tag k="type" v="lanelet"/>
    <tag k="subtype" v="road"/>
    <tag k="speed_limit" v="10"/>
    <tag k="location" v="urban"/>
    <tag k="one_way" v="yes"/>
    <tag k="turn_direction" v="straight"/>
  </relation>
  <relation id="429">
    <member type="way" role="left" ref="427"/>
    <member type="way" role="right" ref="428"/>
    <member type="way" role="centerline" ref="833"/>
    <tag k="type" v="lanelet"/>
    <tag k="subtype" v="road"/>
    <tag k="speed_limit" v="10"/>
    <tag k="location" v="urban"/>
    <tag k="one_way" v="yes"/>
  </relation>
  <relation id="432">
    <member type="way" role="left" ref="430"/>
    <member type="way" role="right" ref="431"/>
    <member type="way" role="centerline" ref="815"/>
    <tag k="type" v="lanelet"/>
    <tag k="subtype" v="road"/>
    <tag k="speed_limit" v="10"/>
    <tag k="location" v="urban"/>
    <tag k="one_way" v="yes"/>
    <tag k="turn_direction" v="straight"/>
  </relation>
  <relation id="439">
    <member type="way" role="left" ref="437"/>
    <member type="way" role="right" ref="438"/>
    <member type="way" role="centerline" ref="856"/>
    <tag k="type" v="lanelet"/>
    <tag k="subtype" v="road"/>
    <tag k="speed_limit" v="10"/>
    <tag k="location" v="urban"/>
    <tag k="one_way" v="yes"/>
  </relation>
  <relation id="442">
    <member type="way" role="left" ref="440"/>
    <member type="way" role="right" ref="441"/>
    <member type="way" role="centerline" ref="838"/>
    <tag k="type" v="lanelet"/>
    <tag k="subtype" v="road"/>
    <tag k="speed_limit" v="10"/>
    <tag k="location" v="urban"/>
    <tag k="one_way" v="yes"/>
    <tag k="turn_direction" v="straight"/>
  </relation>
  <relation id="449">
    <member type="way" role="left" ref="447"/>
    <member type="way" role="right" ref="448"/>
    <member type="way" role="centerline" ref="880"/>
    <tag k="type" v="lanelet"/>
    <tag k="subtype" v="road"/>
    <tag k="speed_limit" v="10"/>
    <tag k="location" v="urban"/>
    <tag k="one_way" v="yes"/>
  </relation>
  <relation id="452">
    <member type="way" role="left" ref="450"/>
    <member type="way" role="right" ref="451"/>
    <member type="way" role="centerline" ref="882"/>
    <tag k="type" v="lanelet"/>
    <tag k="subtype" v="road"/>
    <tag k="speed_limit" v="10"/>
    <tag k="location" v="urban"/>
    <tag k="one_way" v="yes"/>
    <tag k="turn_direction" v="straight"/>
  </relation>
  <relation id="495">
    <member type="way" role="left" ref="493"/>
    <member type="way" role="right" ref="494"/>
    <member type="way" role="centerline" ref="900"/>
    <tag k="type" v="lanelet"/>
    <tag k="subtype" v="road"/>
    <tag k="speed_limit" v="10"/>
    <tag k="location" v="urban"/>
    <tag k="one_way" v="yes"/>
    <tag k="turn_direction" v="right"/>
  </relation>
  <relation id="518">
    <member type="way" role="left" ref="516"/>
    <member type="way" role="right" ref="517"/>
    <member type="way" role="centerline" ref="937"/>
    <tag k="type" v="lanelet"/>
    <tag k="subtype" v="road"/>
    <tag k="speed_limit" v="10"/>
    <tag k="location" v="urban"/>
    <tag k="one_way" v="yes"/>
    <tag k="turn_direction" v="right"/>
  </relation>
  <relation id="537">
    <member type="way" role="left" ref="535"/>
    <member type="way" role="right" ref="536"/>
    <member type="way" role="centerline" ref="949"/>
    <tag k="type" v="lanelet"/>
    <tag k="subtype" v="road"/>
    <tag k="speed_limit" v="10"/>
    <tag k="location" v="urban"/>
    <tag k="one_way" v="yes"/>
    <tag k="turn_direction" v="right"/>
  </relation>
  <relation id="548">
    <member type="way" role="left" ref="546"/>
    <member type="way" role="right" ref="547"/>
    <member type="way" role="centerline" ref="964"/>
    <tag k="type" v="lanelet"/>
    <tag k="subtype" v="road"/>
    <tag k="speed_limit" v="10"/>
    <tag k="location" v="urban"/>
    <tag k="one_way" v="yes"/>
    <tag k="turn_direction" v="right"/>
  </relation>
  <relation id="554">
    <member type="way" role="left" ref="552"/>
    <member type="way" role="right" ref="553"/>
    <member type="way" role="centerline" ref="987"/>
    <tag k="type" v="lanelet"/>
    <tag k="subtype" v="road"/>
    <tag k="speed_limit" v="10"/>
    <tag k="location" v="urban"/>
    <tag k="one_way" v="yes"/>
    <tag k="turn_direction" v="straight"/>
  </relation>
  <relation id="1100">
    <member type="way" role="left" ref="1098"/>
    <member type="way" role="right" ref="1099"/>
    <member type="way" role="centerline" ref="1141"/>
    <tag k="type" v="lanelet"/>
    <tag k="subtype" v="road"/>
    <tag k="speed_limit" v="10"/>
    <tag k="location" v="urban"/>
    <tag k="one_way" v="yes"/>
    <tag k="turn_direction" v="left"/>
  </relation>
  <relation id="1121">
    <member type="way" role="left" ref="1119"/>
    <member type="way" role="right" ref="1120"/>
    <member type="way" role="centerline" ref="1131"/>
    <tag k="type" v="lanelet"/>
    <tag k="subtype" v="road"/>
    <tag k="speed_limit" v="10"/>
    <tag k="location" v="urban"/>
    <tag k="one_way" v="yes"/>
    <tag k="turn_direction" v="left"/>
  </relation>
</osm>
